avg_age,sex,ppl,time,dong,cnt
10,0,1,0,논현동,17
10,0,1,0,대치동,13
10,0,1,0,동교동,10
10,0,1,0,신사동,10
10,0,1,0,수서동,8
10,0,1,1,논현동,6
10,0,1,1,대치동,6
10,0,1,1,동교동,4
10,0,1,1,안암동5가,4
10,0,1,1,신사동,2
10,0,1,2,논현동,5
10,0,1,2,동교동,3
10,0,1,2,신사동,3
10,0,1,2,성산동,1
10,0,1,2,안암동5가,1
10,0,1,3,논현동,4
10,0,1,3,대치동,2
10,0,1,3,동교동,2
10,0,1,3,성산동,2
10,0,1,3,신사동,2
10,0,1,4,종암동,3
10,0,1,4,논현동,2
10,0,1,4,동선동4가,1
10,0,1,4,신사동,1
10,0,1,4,용답동,1
10,0,1,5,성수동2가,5
10,0,1,5,논현동,1
10,0,1,5,신사동,1
10,0,1,5,용답동,1
10,0,1,5,정릉동,1
10,0,1,6,성수동2가,12
10,0,1,6,동교동,6
10,0,1,6,성수동1가,6
10,0,1,6,대치동,4
10,0,1,6,합정동,4
10,0,1,7,노고산동,13
10,0,1,7,길음동,12
10,0,1,7,염리동,11
10,0,1,7,돈암동,10
10,0,1,7,도곡동,8
10,0,1,8,상암동,40
10,0,1,8,안암동5가,24
10,0,1,8,대치동,22
10,0,1,8,돈암동,22
10,0,1,8,논현동,14
10,0,1,9,논현동,33
10,0,1,9,대치동,27
10,0,1,9,성수동2가,20
10,0,1,9,상암동,19
10,0,1,9,안암동5가,18
10,0,1,10,대치동,37
10,0,1,10,안암동5가,33
10,0,1,10,상암동,31
10,0,1,10,논현동,28
10,0,1,10,신사동,27
10,0,1,11,대치동,52
10,0,1,11,상암동,44
10,0,1,11,신사동,44
10,0,1,11,논현동,41
10,0,1,11,안암동5가,40
10,0,1,12,대치동,72
10,0,1,12,신사동,67
10,0,1,12,논현동,64
10,0,1,12,염리동,58
10,0,1,12,사근동,52
10,0,1,13,대치동,75
10,0,1,13,논현동,69
10,0,1,13,안암동5가,66
10,0,1,13,신사동,62
10,0,1,13,동교동,55
10,0,1,14,대치동,66
10,0,1,14,논현동,60
10,0,1,14,신사동,60
10,0,1,14,도곡동,56
10,0,1,14,동교동,56
10,0,1,15,동교동,68
10,0,1,15,신사동,63
10,0,1,15,대치동,59
10,0,1,15,논현동,57
10,0,1,15,도곡동,54
10,0,1,16,신사동,91
10,0,1,16,도곡동,90
10,0,1,16,동선동4가,70
10,0,1,16,동교동,67
10,0,1,16,대치동,61
10,0,1,17,대치동,91
10,0,1,17,동교동,84
10,0,1,17,도곡동,82
10,0,1,17,동선동4가,78
10,0,1,17,신사동,77
10,0,1,18,동교동,91
10,0,1,18,도곡동,89
10,0,1,18,동선동4가,82
10,0,1,18,신사동,77
10,0,1,18,대치동,70
10,0,1,19,신사동,111
10,0,1,19,동선동4가,90
10,0,1,19,동교동,82
10,0,1,19,논현동,64
10,0,1,19,도곡동,59
10,0,1,20,동교동,71
10,0,1,20,신사동,70
10,0,1,20,동선동4가,69
10,0,1,20,염리동,67
10,0,1,20,도곡동,53
10,0,1,21,동교동,71
10,0,1,21,대치동,55
10,0,1,21,염리동,53
10,0,1,21,신사동,52
10,0,1,21,동선동4가,46
10,0,1,22,동교동,56
10,0,1,22,대치동,52
10,0,1,22,염리동,48
10,0,1,22,동선동4가,44
10,0,1,22,논현동,30
10,0,1,23,논현동,29
10,0,1,23,염리동,22
10,0,1,23,동교동,20
10,0,1,23,신사동,19
10,0,1,23,동선동4가,16
10,0,2,0,논현동,4
10,0,2,0,돈암동,4
10,0,2,0,신사동,4
10,0,2,0,정릉동,4
10,0,2,0,종암동,3
10,0,2,1,동교동,5
10,0,2,1,논현동,3
10,0,2,1,노고산동,2
10,0,2,1,대치동,2
10,0,2,1,신사동,2
10,0,2,2,논현동,1
10,0,2,2,동교동,1
10,0,2,2,염리동,1
10,0,2,2,정릉동,1
10,0,2,2,종암동,1
10,0,2,3,동교동,1
10,0,2,3,종암동,1
10,0,2,3,행당동,1
10,0,2,5,성수동2가,2
10,0,2,5,대치동,1
10,0,2,5,동교동,1
10,0,2,6,성수동2가,4
10,0,2,6,대치동,1
10,0,2,6,도곡동,1
10,0,2,6,동교동,1
10,0,2,6,성수동1가,1
10,0,2,7,성산동,7
10,0,2,7,성수동1가,7
10,0,2,7,연남동,6
10,0,2,7,수서동,5
10,0,2,7,노고산동,4
10,0,2,8,상암동,22
10,0,2,8,안암동5가,17
10,0,2,8,대치동,13
10,0,2,8,성수동1가,11
10,0,2,8,논현동,9
10,0,2,9,신사동,19
10,0,2,9,논현동,16
10,0,2,9,사근동,15
10,0,2,9,정릉동,11
10,0,2,9,대치동,10
10,0,2,10,논현동,20
10,0,2,10,대치동,17
10,0,2,10,안암동5가,17
10,0,2,10,상암동,15
10,0,2,10,정릉동,12
10,0,2,11,안암동5가,27
10,0,2,11,대치동,18
10,0,2,11,정릉동,18
10,0,2,11,상암동,16
10,0,2,11,도곡동,11
10,0,2,12,대치동,43
10,0,2,12,신사동,42
10,0,2,12,논현동,41
10,0,2,12,안암동5가,35
10,0,2,12,사근동,26
10,0,2,13,신사동,56
10,0,2,13,대치동,54
10,0,2,13,안암동5가,49
10,0,2,13,논현동,41
10,0,2,13,동교동,22
10,0,2,14,신사동,45
10,0,2,14,동교동,35
10,0,2,14,대치동,30
10,0,2,14,논현동,29
10,0,2,14,도곡동,23
10,0,2,15,신사동,46
10,0,2,15,대치동,34
10,0,2,15,도곡동,30
10,0,2,15,동교동,29
10,0,2,15,동선동4가,23
10,0,2,16,대치동,46
10,0,2,16,동교동,44
10,0,2,16,신사동,43
10,0,2,16,도곡동,40
10,0,2,16,동선동4가,39
10,0,2,17,동교동,50
10,0,2,17,동선동4가,50
10,0,2,17,대치동,42
10,0,2,17,신사동,38
10,0,2,17,논현동,35
10,0,2,18,신사동,45
10,0,2,18,대치동,44
10,0,2,18,염리동,43
10,0,2,18,동선동4가,41
10,0,2,18,동교동,35
10,0,2,19,동선동4가,49
10,0,2,19,동교동,41
10,0,2,19,신사동,34
10,0,2,19,논현동,32
10,0,2,19,염리동,29
10,0,2,20,동교동,48
10,0,2,20,신사동,34
10,0,2,20,논현동,33
10,0,2,20,동선동4가,26
10,0,2,20,도곡동,21
10,0,2,21,대치동,23
10,0,2,21,신사동,23
10,0,2,21,동교동,22
10,0,2,21,염리동,21
10,0,2,21,논현동,19
10,0,2,22,논현동,26
10,0,2,22,동교동,22
10,0,2,22,염리동,21
10,0,2,22,정릉동,19
10,0,2,22,대치동,18
10,0,2,23,신사동,17
10,0,2,23,논현동,13
10,0,2,23,대치동,10
10,0,2,23,염리동,9
10,0,2,23,종암동,9
10,0,3,0,신사동,4
10,0,3,0,동교동,3
10,0,3,0,논현동,2
10,0,3,0,정릉동,2
10,0,3,0,대치동,1
10,0,3,1,신사동,2
10,0,3,1,논현동,1
10,0,3,6,성수동2가,1
10,0,3,7,성산동,8
10,0,3,7,대치동,7
10,0,3,7,수서동,6
10,0,3,7,길음동,4
10,0,3,7,성수동1가,4
10,0,3,8,상암동,15
10,0,3,8,논현동,10
10,0,3,8,정릉동,8
10,0,3,8,대치동,7
10,0,3,8,성수동1가,6
10,0,3,9,신사동,15
10,0,3,9,논현동,13
10,0,3,9,대치동,6
10,0,3,9,상암동,6
10,0,3,9,안암동5가,5
10,0,3,10,안암동5가,13
10,0,3,10,상암동,7
10,0,3,10,논현동,6
10,0,3,10,대치동,6
10,0,3,10,도곡동,5
10,0,3,11,상암동,13
10,0,3,11,안암동5가,13
10,0,3,11,신사동,11
10,0,3,11,대치동,10
10,0,3,11,정릉동,10
10,0,3,12,신사동,32
10,0,3,12,대치동,30
10,0,3,12,안암동5가,26
10,0,3,12,논현동,20
10,0,3,12,수서동,15
10,0,3,13,대치동,30
10,0,3,13,신사동,27
10,0,3,13,논현동,23
10,0,3,13,동교동,18
10,0,3,13,수서동,14
10,0,3,14,신사동,17
10,0,3,14,논현동,14
10,0,3,14,대치동,13
10,0,3,14,돈암동,13
10,0,3,14,정릉동,11
10,0,3,15,도곡동,17
10,0,3,15,신사동,17
10,0,3,15,동교동,16
10,0,3,15,논현동,15
10,0,3,15,대치동,15
10,0,3,16,대치동,31
10,0,3,16,동교동,21
10,0,3,16,동선동4가,19
10,0,3,16,논현동,17
10,0,3,16,염리동,14
10,0,3,17,대치동,30
10,0,3,17,신사동,24
10,0,3,17,동교동,22
10,0,3,17,논현동,19
10,0,3,17,정릉동,18
10,0,3,18,대치동,35
10,0,3,18,동교동,33
10,0,3,18,행당동,18
10,0,3,18,신사동,17
10,0,3,18,수서동,16
10,0,3,19,동교동,25
10,0,3,19,신사동,23
10,0,3,19,동선동4가,16
10,0,3,19,논현동,14
10,0,3,19,대치동,13
10,0,3,20,동교동,17
10,0,3,20,신사동,17
10,0,3,20,논현동,15
10,0,3,20,동선동4가,14
10,0,3,20,수서동,13
10,0,3,21,동교동,19
10,0,3,21,대치동,15
10,0,3,21,논현동,11
10,0,3,21,수서동,11
10,0,3,21,염리동,11
10,0,3,22,논현동,16
10,0,3,22,대치동,15
10,0,3,22,신사동,15
10,0,3,22,동교동,9
10,0,3,22,성산동,9
10,0,3,23,대치동,9
10,0,3,23,정릉동,8
10,0,3,23,돈암동,4
10,0,3,23,수서동,4
10,0,3,23,논현동,3
10,0,4,0,논현동,2
10,0,4,0,동교동,1
10,0,4,0,성산동,1
10,0,4,0,신사동,1
10,0,4,1,논현동,1
10,0,4,2,신사동,2
10,0,4,6,대치동,1
10,0,4,7,대치동,13
10,0,4,7,염리동,12
10,0,4,7,연남동,11
10,0,4,7,종암동,10
10,0,4,7,도곡동,8
10,0,4,8,상암동,35
10,0,4,8,대치동,18
10,0,4,8,돈암동,9
10,0,4,8,성산동,9
10,0,4,8,안암동5가,9
10,0,4,9,신사동,20
10,0,4,9,대치동,16
10,0,4,9,논현동,15
10,0,4,9,상암동,11
10,0,4,9,사근동,8
10,0,4,10,상암동,23
10,0,4,10,안암동5가,22
10,0,4,10,정릉동,22
10,0,4,10,사근동,21
10,0,4,10,도곡동,17
10,0,4,11,정릉동,36
10,0,4,11,돈암동,21
10,0,4,11,상암동,21
10,0,4,11,도곡동,18
10,0,4,11,사근동,16
10,0,4,12,대치동,68
10,0,4,12,신사동,62
10,0,4,12,정릉동,44
10,0,4,12,안암동5가,29
10,0,4,12,논현동,27
10,0,4,13,안암동5가,61
10,0,4,13,대치동,53
10,0,4,13,신사동,44
10,0,4,13,논현동,39
10,0,4,13,정릉동,31
10,0,4,14,신사동,39
10,0,4,14,정릉동,26
10,0,4,14,동교동,20
10,0,4,14,상암동,20
10,0,4,14,논현동,18
10,0,4,15,신사동,33
10,0,4,15,논현동,28
10,0,4,15,대치동,27
10,0,4,15,도곡동,27
10,0,4,15,안암동5가,24
10,0,4,16,대치동,51
10,0,4,16,신사동,49
10,0,4,16,동교동,27
10,0,4,16,논현동,24
10,0,4,16,염리동,22
10,0,4,17,대치동,95
10,0,4,17,신사동,38
10,0,4,17,논현동,34
10,0,4,17,동교동,33
10,0,4,17,도곡동,22
10,0,4,18,대치동,47
10,0,4,18,논현동,34
10,0,4,18,동교동,33
10,0,4,18,동선동4가,32
10,0,4,18,수서동,28
10,0,4,19,논현동,31
10,0,4,19,동교동,27
10,0,4,19,수서동,27
10,0,4,19,신사동,26
10,0,4,19,대치동,25
10,0,4,20,논현동,31
10,0,4,20,대치동,29
10,0,4,20,도곡동,28
10,0,4,20,신사동,19
10,0,4,20,동교동,17
10,0,4,21,대치동,32
10,0,4,21,도곡동,30
10,0,4,21,논현동,25
10,0,4,21,수서동,10
10,0,4,21,동교동,8
10,0,4,22,논현동,20
10,0,4,22,대치동,18
10,0,4,22,성산동,9
10,0,4,22,동교동,8
10,0,4,22,신사동,8
10,0,4,23,논현동,11
10,0,4,23,대치동,4
10,0,4,23,돈암동,2
10,0,4,23,동교동,2
10,0,4,23,신사동,2
10,0,5,7,염리동,3
10,0,5,7,대치동,2
10,0,5,7,안암동5가,1
10,0,5,8,상암동,38
10,0,5,8,대치동,9
10,0,5,8,성산동,9
10,0,5,8,돈암동,3
10,0,5,9,성산동,6
10,0,5,9,신사동,6
10,0,5,9,논현동,4
10,0,5,9,상암동,4
10,0,5,9,대치동,2
10,0,5,10,상암동,46
10,0,5,10,도곡동,10
10,0,5,10,성산동,6
10,0,5,10,대치동,5
10,0,5,10,정릉동,4
10,0,5,11,상암동,48
10,0,5,11,도곡동,18
10,0,5,11,돈암동,16
10,0,5,11,정릉동,8
10,0,5,11,성산동,4
10,0,5,12,도곡동,25
10,0,5,12,대치동,19
10,0,5,12,성산동,18
10,0,5,12,사근동,16
10,0,5,12,정릉동,8
10,0,5,13,상암동,47
10,0,5,13,도곡동,31
10,0,5,13,대치동,23
10,0,5,13,사근동,17
10,0,5,13,정릉동,14
10,0,5,14,상암동,40
10,0,5,14,도곡동,31
10,0,5,14,대치동,11
10,0,5,14,논현동,3
10,0,5,14,정릉동,3
10,0,5,15,도곡동,33
10,0,5,15,대치동,12
10,0,5,15,논현동,8
10,0,5,15,동교동,2
10,0,5,15,동선동4가,1
10,0,5,16,도곡동,44
10,0,5,16,대치동,22
10,0,5,16,논현동,8
10,0,5,16,신사동,4
10,0,5,16,동교동,3
10,0,5,17,대치동,75
10,0,5,17,도곡동,45
10,0,5,17,논현동,7
10,0,5,17,수서동,4
10,0,5,17,정릉동,2
10,0,5,18,대치동,47
10,0,5,18,도곡동,42
10,0,5,18,수서동,8
10,0,5,18,논현동,5
10,0,5,18,신사동,3
10,0,5,19,도곡동,42
10,0,5,19,대치동,19
10,0,5,19,논현동,6
10,0,5,19,수서동,1
10,0,5,20,도곡동,32
10,0,5,20,대치동,11
10,0,5,20,논현동,1
10,0,5,20,수서동,1
10,0,5,21,도곡동,31
10,0,5,21,대치동,1
10,0,5,21,신사동,1
10,0,5,22,대치동,18
10,1,1,0,논현동,51
10,1,1,0,청담동,36
10,1,1,0,신사동,27
10,1,1,0,대치동,22
10,1,1,0,망원동,17
10,1,1,1,신사동,32
10,1,1,1,논현동,27
10,1,1,1,대치동,27
10,1,1,1,청담동,26
10,1,1,1,망원동,17
10,1,1,2,논현동,35
10,1,1,2,신사동,26
10,1,1,2,대치동,15
10,1,1,2,청담동,10
10,1,1,2,상암동,6
10,1,1,3,논현동,20
10,1,1,3,신사동,10
10,1,1,3,대치동,9
10,1,1,3,마장동,3
10,1,1,3,사근동,3
10,1,1,4,논현동,16
10,1,1,4,신사동,10
10,1,1,4,대치동,5
10,1,1,4,동교동,5
10,1,1,4,청담동,5
10,1,1,5,논현동,11
10,1,1,5,청담동,9
10,1,1,5,대치동,5
10,1,1,5,신사동,5
10,1,1,5,망원동,4
10,1,1,6,논현동,22
10,1,1,6,마장동,15
10,1,1,6,청담동,14
10,1,1,6,용답동,13
10,1,1,6,일원동,13
10,1,1,7,대치동,35
10,1,1,7,신사동,24
10,1,1,7,논현동,23
10,1,1,7,일원동,23
10,1,1,7,정릉동,22
10,1,1,8,상암동,57
10,1,1,8,논현동,45
10,1,1,8,대치동,41
10,1,1,8,정릉동,36
10,1,1,8,도곡동,33
10,1,1,9,대치동,67
10,1,1,9,논현동,59
10,1,1,9,신사동,53
10,1,1,9,상암동,49
10,1,1,9,성수동2가,40
10,1,1,10,도곡동,197
10,1,1,10,대치동,125
10,1,1,10,논현동,91
10,1,1,10,상암동,75
10,1,1,10,신사동,65
10,1,1,11,도곡동,202
10,1,1,11,대치동,109
10,1,1,11,상암동,85
10,1,1,11,논현동,82
10,1,1,11,신사동,69
10,1,1,12,도곡동,238
10,1,1,12,논현동,142
10,1,1,12,대치동,119
10,1,1,12,상암동,84
10,1,1,12,신사동,79
10,1,1,13,도곡동,260
10,1,1,13,대치동,136
10,1,1,13,논현동,95
10,1,1,13,상암동,93
10,1,1,13,신사동,82
10,1,1,14,도곡동,270
10,1,1,14,논현동,123
10,1,1,14,대치동,115
10,1,1,14,상암동,90
10,1,1,14,신사동,89
10,1,1,15,도곡동,295
10,1,1,15,대치동,127
10,1,1,15,논현동,110
10,1,1,15,신사동,97
10,1,1,15,성수동2가,86
10,1,1,16,도곡동,271
10,1,1,16,대치동,129
10,1,1,16,논현동,116
10,1,1,16,신사동,101
10,1,1,16,성수동2가,82
10,1,1,17,도곡동,221
10,1,1,17,대치동,161
10,1,1,17,논현동,113
10,1,1,17,신사동,94
10,1,1,17,상암동,87
10,1,1,18,도곡동,263
10,1,1,18,대치동,129
10,1,1,18,논현동,109
10,1,1,18,신사동,94
10,1,1,18,수서동,88
10,1,1,19,도곡동,227
10,1,1,19,대치동,103
10,1,1,19,논현동,95
10,1,1,19,신사동,82
10,1,1,19,동교동,77
10,1,1,20,도곡동,218
10,1,1,20,대치동,128
10,1,1,20,논현동,98
10,1,1,20,신사동,75
10,1,1,20,상암동,67
10,1,1,21,도곡동,175
10,1,1,21,대치동,107
10,1,1,21,논현동,96
10,1,1,21,신사동,84
10,1,1,21,수서동,53
10,1,1,22,대치동,93
10,1,1,22,논현동,84
10,1,1,22,도곡동,60
10,1,1,22,신사동,46
10,1,1,22,동교동,44
10,1,1,23,논현동,49
10,1,1,23,신사동,46
10,1,1,23,대치동,40
10,1,1,23,청담동,36
10,1,1,23,도곡동,32
10,1,2,0,논현동,25
10,1,2,0,신사동,25
10,1,2,0,대치동,20
10,1,2,0,청담동,16
10,1,2,0,성산동,12
10,1,2,1,논현동,27
10,1,2,1,대치동,21
10,1,2,1,신사동,16
10,1,2,1,청담동,12
10,1,2,1,마장동,4
10,1,2,2,논현동,14
10,1,2,2,신사동,10
10,1,2,2,대치동,4
10,1,2,2,청담동,4
10,1,2,2,마장동,2
10,1,2,3,논현동,12
10,1,2,3,신사동,8
10,1,2,3,마장동,2
10,1,2,3,개포동,1
10,1,2,3,동교동,1
10,1,2,4,논현동,5
10,1,2,4,신사동,2
10,1,2,4,노고산동,1
10,1,2,4,동선동4가,1
10,1,2,4,마장동,1
10,1,2,5,논현동,13
10,1,2,5,대치동,2
10,1,2,5,성수동2가,1
10,1,2,5,신사동,1
10,1,2,5,용답동,1
10,1,2,6,논현동,13
10,1,2,6,성산동,8
10,1,2,6,마장동,7
10,1,2,6,수서동,5
10,1,2,6,염리동,5
10,1,2,7,논현동,18
10,1,2,7,대치동,17
10,1,2,7,마장동,12
10,1,2,7,성수동2가,11
10,1,2,7,청담동,11
10,1,2,8,상암동,40
10,1,2,8,성수동2가,27
10,1,2,8,대치동,26
10,1,2,8,청담동,23
10,1,2,8,도곡동,18
10,1,2,9,대치동,45
10,1,2,9,논현동,32
10,1,2,9,도곡동,31
10,1,2,9,신사동,29
10,1,2,9,상암동,28
10,1,2,10,도곡동,94
10,1,2,10,대치동,66
10,1,2,10,신사동,54
10,1,2,10,논현동,51
10,1,2,10,상암동,42
10,1,2,11,도곡동,129
10,1,2,11,대치동,87
10,1,2,11,상암동,71
10,1,2,11,신사동,54
10,1,2,11,논현동,38
10,1,2,12,도곡동,129
10,1,2,12,대치동,76
10,1,2,12,상암동,66
10,1,2,12,논현동,55
10,1,2,12,신사동,55
10,1,2,13,도곡동,158
10,1,2,13,대치동,84
10,1,2,13,논현동,72
10,1,2,13,상암동,60
10,1,2,13,신사동,39
10,1,2,14,도곡동,154
10,1,2,14,대치동,83
10,1,2,14,논현동,78
10,1,2,14,신사동,59
10,1,2,14,상암동,52
10,1,2,15,도곡동,157
10,1,2,15,대치동,78
10,1,2,15,논현동,70
10,1,2,15,신사동,61
10,1,2,15,상암동,54
10,1,2,16,도곡동,173
10,1,2,16,대치동,102
10,1,2,16,논현동,83
10,1,2,16,신사동,80
10,1,2,16,상암동,53
10,1,2,17,도곡동,154
10,1,2,17,대치동,89
10,1,2,17,신사동,81
10,1,2,17,논현동,71
10,1,2,17,동교동,54
10,1,2,18,도곡동,116
10,1,2,18,대치동,86
10,1,2,18,논현동,68
10,1,2,18,신사동,64
10,1,2,18,상암동,52
10,1,2,19,도곡동,114
10,1,2,19,대치동,88
10,1,2,19,상암동,58
10,1,2,19,신사동,58
10,1,2,19,논현동,50
10,1,2,20,도곡동,125
10,1,2,20,대치동,76
10,1,2,20,논현동,62
10,1,2,20,신사동,62
10,1,2,20,청담동,40
10,1,2,21,도곡동,97
10,1,2,21,논현동,54
10,1,2,21,대치동,49
10,1,2,21,신사동,42
10,1,2,21,정릉동,42
10,1,2,22,대치동,64
10,1,2,22,논현동,44
10,1,2,22,신사동,41
10,1,2,22,도곡동,33
10,1,2,22,망원동,33
10,1,2,23,논현동,42
10,1,2,23,신사동,24
10,1,2,23,청담동,18
10,1,2,23,대치동,15
10,1,2,23,상암동,15
10,1,3,0,대치동,21
10,1,3,0,신사동,16
10,1,3,0,논현동,15
10,1,3,0,청담동,13
10,1,3,0,망원동,8
10,1,3,1,신사동,15
10,1,3,1,논현동,11
10,1,3,1,대치동,6
10,1,3,1,정릉동,4
10,1,3,1,청담동,4
10,1,3,2,논현동,11
10,1,3,2,신사동,8
10,1,3,2,정릉동,4
10,1,3,2,청담동,3
10,1,3,2,대치동,2
10,1,3,3,논현동,5
10,1,3,3,신사동,4
10,1,3,3,동선동4가,1
10,1,3,3,성수동2가,1
10,1,3,4,논현동,8
10,1,3,4,신사동,1
10,1,3,5,논현동,2
10,1,3,5,청담동,1
10,1,3,6,청담동,5
10,1,3,6,논현동,4
10,1,3,6,대치동,3
10,1,3,6,성산동,3
10,1,3,6,개포동,1
10,1,3,7,마장동,11
10,1,3,7,논현동,10
10,1,3,7,수서동,10
10,1,3,7,청담동,9
10,1,3,7,성산동,8
10,1,3,8,상암동,33
10,1,3,8,논현동,20
10,1,3,8,대치동,15
10,1,3,8,신사동,14
10,1,3,8,성수동1가,13
10,1,3,9,대치동,37
10,1,3,9,도곡동,33
10,1,3,9,논현동,16
10,1,3,9,상암동,16
10,1,3,9,마장동,14
10,1,3,10,도곡동,71
10,1,3,10,대치동,48
10,1,3,10,신사동,35
10,1,3,10,논현동,33
10,1,3,10,청담동,30
10,1,3,11,도곡동,83
10,1,3,11,신사동,54
10,1,3,11,대치동,52
10,1,3,11,상암동,37
10,1,3,11,논현동,36
10,1,3,12,도곡동,84
10,1,3,12,대치동,60
10,1,3,12,상암동,42
10,1,3,12,논현동,33
10,1,3,12,정릉동,32
10,1,3,13,도곡동,98
10,1,3,13,상암동,56
10,1,3,13,대치동,50
10,1,3,13,논현동,37
10,1,3,13,성산동,34
10,1,3,14,도곡동,120
10,1,3,14,신사동,57
10,1,3,14,논현동,50
10,1,3,14,대치동,49
10,1,3,14,상암동,44
10,1,3,15,도곡동,90
10,1,3,15,신사동,55
10,1,3,15,대치동,54
10,1,3,15,논현동,41
10,1,3,15,동교동,35
10,1,3,16,도곡동,85
10,1,3,16,대치동,76
10,1,3,16,논현동,53
10,1,3,16,상암동,49
10,1,3,16,신사동,46
10,1,3,17,대치동,80
10,1,3,17,도곡동,80
10,1,3,17,논현동,54
10,1,3,17,신사동,50
10,1,3,17,상암동,34
10,1,3,18,도곡동,73
10,1,3,18,대치동,69
10,1,3,18,논현동,50
10,1,3,18,신사동,49
10,1,3,18,상암동,36
10,1,3,19,도곡동,82
10,1,3,19,대치동,69
10,1,3,19,논현동,50
10,1,3,19,상암동,47
10,1,3,19,신사동,47
10,1,3,20,도곡동,65
10,1,3,20,대치동,56
10,1,3,20,논현동,47
10,1,3,20,신사동,45
10,1,3,20,정릉동,33
10,1,3,21,도곡동,65
10,1,3,21,논현동,44
10,1,3,21,대치동,44
10,1,3,21,신사동,27
10,1,3,21,정릉동,26
10,1,3,22,논현동,38
10,1,3,22,대치동,35
10,1,3,22,신사동,30
10,1,3,22,합정동,17
10,1,3,22,개포동,16
10,1,3,23,신사동,21
10,1,3,23,논현동,14
10,1,3,23,대치동,13
10,1,3,23,청담동,12
10,1,3,23,성수동1가,11
10,1,4,0,논현동,56
10,1,4,0,대치동,38
10,1,4,0,신사동,36
10,1,4,0,청담동,8
10,1,4,0,정릉동,7
10,1,4,1,논현동,35
10,1,4,1,신사동,19
10,1,4,1,대치동,12
10,1,4,1,청담동,3
10,1,4,1,마장동,1
10,1,4,2,논현동,15
10,1,4,2,신사동,8
10,1,4,2,청담동,1
10,1,4,2,하왕십리동,1
10,1,4,3,논현동,9
10,1,4,3,신사동,6
10,1,4,4,논현동,2
10,1,4,5,용답동,1
10,1,4,6,논현동,6
10,1,4,6,청담동,6
10,1,4,6,수서동,5
10,1,4,6,성산동,2
10,1,4,6,염리동,2
10,1,4,7,논현동,23
10,1,4,7,상암동,20
10,1,4,7,대치동,19
10,1,4,7,신사동,13
10,1,4,7,성수동2가,12
10,1,4,8,상암동,68
10,1,4,8,논현동,53
10,1,4,8,대치동,43
10,1,4,8,청담동,38
10,1,4,8,성수동2가,32
10,1,4,9,논현동,70
10,1,4,9,대치동,55
10,1,4,9,도곡동,51
10,1,4,9,성수동2가,41
10,1,4,9,상암동,40
10,1,4,10,도곡동,125
10,1,4,10,대치동,79
10,1,4,10,논현동,64
10,1,4,10,신사동,61
10,1,4,10,상암동,58
10,1,4,11,도곡동,117
10,1,4,11,대치동,116
10,1,4,11,논현동,109
10,1,4,11,상암동,108
10,1,4,11,신사동,96
10,1,4,12,대치동,204
10,1,4,12,도곡동,179
10,1,4,12,신사동,113
10,1,4,12,상암동,110
10,1,4,12,성수동1가,94
10,1,4,13,도곡동,207
10,1,4,13,대치동,178
10,1,4,13,논현동,132
10,1,4,13,상암동,128
10,1,4,13,성수동1가,111
10,1,4,14,도곡동,193
10,1,4,14,대치동,150
10,1,4,14,신사동,119
10,1,4,14,논현동,115
10,1,4,14,상암동,110
10,1,4,15,도곡동,174
10,1,4,15,대치동,157
10,1,4,15,논현동,121
10,1,4,15,신사동,117
10,1,4,15,상암동,92
10,1,4,16,대치동,192
10,1,4,16,도곡동,149
10,1,4,16,신사동,124
10,1,4,16,논현동,121
10,1,4,16,상암동,75
10,1,4,17,대치동,225
10,1,4,17,도곡동,145
10,1,4,17,신사동,123
10,1,4,17,논현동,113
10,1,4,17,정릉동,68
10,1,4,18,대치동,226
10,1,4,18,도곡동,159
10,1,4,18,논현동,135
10,1,4,18,신사동,131
10,1,4,18,성수동2가,69
10,1,4,19,대치동,172
10,1,4,19,도곡동,152
10,1,4,19,논현동,134
10,1,4,19,신사동,124
10,1,4,19,정릉동,70
10,1,4,20,대치동,119
10,1,4,20,도곡동,115
10,1,4,20,논현동,106
10,1,4,20,신사동,91
10,1,4,20,청담동,62
10,1,4,21,대치동,106
10,1,4,21,도곡동,104
10,1,4,21,논현동,97
10,1,4,21,신사동,88
10,1,4,21,청담동,57
10,1,4,22,신사동,71
10,1,4,22,대치동,66
10,1,4,22,청담동,60
10,1,4,22,논현동,59
10,1,4,22,정릉동,25
10,1,4,23,신사동,59
10,1,4,23,논현동,55
10,1,4,23,대치동,51
10,1,4,23,청담동,39
10,1,4,23,성산동,16
10,1,5,0,논현동,14
10,1,5,0,신사동,5
10,1,5,0,대치동,3
10,1,5,1,논현동,2
10,1,5,1,신사동,1
10,1,5,6,논현동,2
10,1,5,7,대치동,22
10,1,5,7,논현동,6
10,1,5,7,성수동2가,2
10,1,5,7,수서동,2
10,1,5,7,청담동,2
10,1,5,8,상암동,58
10,1,5,8,대치동,30
10,1,5,8,논현동,22
10,1,5,8,신사동,12
10,1,5,8,성수동2가,11
10,1,5,9,논현동,68
10,1,5,9,신사동,39
10,1,5,9,대치동,34
10,1,5,9,성수동2가,30
10,1,5,9,청담동,30
10,1,5,10,논현동,77
10,1,5,10,상암동,66
10,1,5,10,도곡동,61
10,1,5,10,대치동,56
10,1,5,10,신사동,39
10,1,5,11,논현동,136
10,1,5,11,대치동,98
10,1,5,11,도곡동,93
10,1,5,11,신사동,87
10,1,5,11,상암동,79
10,1,5,12,논현동,255
10,1,5,12,대치동,239
10,1,5,12,신사동,199
10,1,5,12,도곡동,148
10,1,5,12,성수동2가,137
10,1,5,13,대치동,205
10,1,5,13,논현동,200
10,1,5,13,신사동,198
10,1,5,13,도곡동,150
10,1,5,13,상암동,107
10,1,5,14,논현동,143
10,1,5,14,신사동,126
10,1,5,14,대치동,125
10,1,5,14,도곡동,103
10,1,5,14,상암동,74
10,1,5,15,논현동,117
10,1,5,15,대치동,103
10,1,5,15,도곡동,94
10,1,5,15,신사동,91
10,1,5,15,성수동2가,44
10,1,5,16,대치동,111
10,1,5,16,논현동,110
10,1,5,16,도곡동,90
10,1,5,16,신사동,79
10,1,5,16,성수동2가,30
10,1,5,17,대치동,181
10,1,5,17,논현동,111
10,1,5,17,신사동,83
10,1,5,17,도곡동,80
10,1,5,17,성수동2가,19
10,1,5,18,대치동,173
10,1,5,18,논현동,122
10,1,5,18,도곡동,91
10,1,5,18,신사동,84
10,1,5,18,성수동2가,43
10,1,5,19,대치동,144
10,1,5,19,논현동,140
10,1,5,19,신사동,101
10,1,5,19,도곡동,90
10,1,5,19,청담동,48
10,1,5,20,대치동,132
10,1,5,20,논현동,110
10,1,5,20,신사동,89
10,1,5,20,도곡동,80
10,1,5,20,청담동,47
10,1,5,21,대치동,89
10,1,5,21,논현동,78
10,1,5,21,신사동,75
10,1,5,21,도곡동,58
10,1,5,21,청담동,37
10,1,5,22,논현동,69
10,1,5,22,대치동,60
10,1,5,22,신사동,44
10,1,5,22,청담동,10
10,1,5,22,수서동,2
10,1,5,23,논현동,50
10,1,5,23,대치동,36
10,1,5,23,신사동,23
10,1,5,23,청담동,3
20,0,1,0,논현동,53
20,0,1,0,수서동,52
20,0,1,0,동교동,36
20,0,1,0,동선동4가,31
20,0,1,0,신사동,29
20,0,1,1,논현동,43
20,0,1,1,수서동,38
20,0,1,1,신사동,29
20,0,1,1,동교동,28
20,0,1,1,동선동4가,22
20,0,1,2,논현동,28
20,0,1,2,동교동,26
20,0,1,2,행당동,23
20,0,1,2,수서동,19
20,0,1,2,신사동,19
20,0,1,3,논현동,27
20,0,1,3,동선동4가,16
20,0,1,3,신사동,14
20,0,1,3,동교동,13
20,0,1,3,수서동,11
20,0,1,4,논현동,16
20,0,1,4,수서동,13
20,0,1,4,동교동,9
20,0,1,4,동선동4가,9
20,0,1,4,신사동,8
20,0,1,5,논현동,17
20,0,1,5,수서동,14
20,0,1,5,돈암동,6
20,0,1,5,신사동,6
20,0,1,5,청담동,6
20,0,1,6,안암동5가,11
20,0,1,6,논현동,10
20,0,1,6,도곡동,9
20,0,1,6,돈암동,9
20,0,1,6,동교동,9
20,0,1,7,수서동,23
20,0,1,7,논현동,22
20,0,1,7,동교동,19
20,0,1,7,신사동,18
20,0,1,7,도화동,16
20,0,1,8,논현동,115
20,0,1,8,상암동,96
20,0,1,8,신사동,57
20,0,1,8,성수동2가,52
20,0,1,8,대치동,48
20,0,1,9,논현동,168
20,0,1,9,신사동,95
20,0,1,9,상암동,92
20,0,1,9,대치동,65
20,0,1,9,수서동,43
20,0,1,10,도곡동,120
20,0,1,10,대치동,104
20,0,1,10,논현동,101
20,0,1,10,상암동,92
20,0,1,10,수서동,77
20,0,1,11,수서동,257
20,0,1,11,도곡동,180
20,0,1,11,상암동,124
20,0,1,11,논현동,102
20,0,1,11,대치동,86
20,0,1,12,논현동,366
20,0,1,12,도곡동,311
20,0,1,12,수서동,275
20,0,1,12,대치동,236
20,0,1,12,신사동,207
20,0,1,13,도곡동,307
20,0,1,13,논현동,257
20,0,1,13,수서동,227
20,0,1,13,신사동,192
20,0,1,13,대치동,168
20,0,1,14,도곡동,289
20,0,1,14,수서동,187
20,0,1,14,논현동,171
20,0,1,14,신사동,153
20,0,1,14,동교동,141
20,0,1,15,도곡동,356
20,0,1,15,수서동,189
20,0,1,15,논현동,169
20,0,1,15,동교동,163
20,0,1,15,신사동,135
20,0,1,16,도곡동,354
20,0,1,16,논현동,184
20,0,1,16,동교동,179
20,0,1,16,수서동,177
20,0,1,16,신사동,119
20,0,1,17,도곡동,394
20,0,1,17,수서동,284
20,0,1,17,논현동,183
20,0,1,17,동교동,170
20,0,1,17,상암동,124
20,0,1,18,수서동,425
20,0,1,18,도곡동,397
20,0,1,18,동교동,191
20,0,1,18,논현동,186
20,0,1,18,신사동,129
20,0,1,19,도곡동,426
20,0,1,19,수서동,385
20,0,1,19,동교동,224
20,0,1,19,논현동,218
20,0,1,19,신사동,125
20,0,1,20,도곡동,415
20,0,1,20,수서동,300
20,0,1,20,논현동,221
20,0,1,20,동교동,179
20,0,1,20,합정동,115
20,0,1,21,도곡동,374
20,0,1,21,수서동,250
20,0,1,21,논현동,159
20,0,1,21,동교동,133
20,0,1,21,신사동,107
20,0,1,22,수서동,217
20,0,1,22,논현동,126
20,0,1,22,동교동,116
20,0,1,22,대치동,80
20,0,1,22,동선동4가,70
20,0,1,23,수서동,109
20,0,1,23,논현동,92
20,0,1,23,동교동,71
20,0,1,23,행당동,51
20,0,1,23,동선동4가,45
20,0,2,0,논현동,28
20,0,2,0,수서동,28
20,0,2,0,동교동,27
20,0,2,0,동선동4가,21
20,0,2,0,행당동,19
20,0,2,1,수서동,29
20,0,2,1,논현동,28
20,0,2,1,동선동4가,20
20,0,2,1,동교동,19
20,0,2,1,합정동,13
20,0,2,2,논현동,20
20,0,2,2,동교동,12
20,0,2,2,신사동,12
20,0,2,2,동선동4가,11
20,0,2,2,수서동,11
20,0,2,3,논현동,8
20,0,2,3,수서동,8
20,0,2,3,신사동,8
20,0,2,3,동교동,6
20,0,2,3,동선동4가,6
20,0,2,4,수서동,7
20,0,2,4,논현동,6
20,0,2,4,대치동,6
20,0,2,4,신사동,5
20,0,2,4,합정동,5
20,0,2,5,논현동,11
20,0,2,5,대치동,4
20,0,2,5,동교동,4
20,0,2,5,수서동,4
20,0,2,5,청담동,4
20,0,2,6,수서동,11
20,0,2,6,청담동,8
20,0,2,6,상암동,7
20,0,2,6,동선동4가,6
20,0,2,6,안암동5가,6
20,0,2,7,도곡동,13
20,0,2,7,수서동,10
20,0,2,7,행당동,10
20,0,2,7,논현동,9
20,0,2,7,상암동,9
20,0,2,8,논현동,58
20,0,2,8,상암동,56
20,0,2,8,신사동,30
20,0,2,8,도곡동,22
20,0,2,8,성수동2가,20
20,0,2,9,논현동,67
20,0,2,9,신사동,46
20,0,2,9,상암동,34
20,0,2,9,대치동,31
20,0,2,9,도곡동,24
20,0,2,10,대치동,64
20,0,2,10,논현동,51
20,0,2,10,상암동,48
20,0,2,10,도곡동,46
20,0,2,10,수서동,40
20,0,2,11,수서동,126
20,0,2,11,상암동,72
20,0,2,11,도곡동,69
20,0,2,11,대치동,59
20,0,2,11,논현동,57
20,0,2,12,논현동,173
20,0,2,12,도곡동,158
20,0,2,12,수서동,153
20,0,2,12,신사동,103
20,0,2,12,상암동,101
20,0,2,13,도곡동,155
20,0,2,13,논현동,152
20,0,2,13,수서동,119
20,0,2,13,상암동,105
20,0,2,13,신사동,86
20,0,2,14,도곡동,152
20,0,2,14,동교동,92
20,0,2,14,논현동,91
20,0,2,14,수서동,86
20,0,2,14,상암동,74
20,0,2,15,도곡동,171
20,0,2,15,동교동,109
20,0,2,15,논현동,108
20,0,2,15,동선동4가,71
20,0,2,15,망원동,64
20,0,2,16,도곡동,190
20,0,2,16,논현동,123
20,0,2,16,동교동,107
20,0,2,16,수서동,85
20,0,2,16,대치동,76
20,0,2,17,도곡동,230
20,0,2,17,수서동,158
20,0,2,17,동교동,107
20,0,2,17,논현동,96
20,0,2,17,상암동,75
20,0,2,18,도곡동,316
20,0,2,18,수서동,254
20,0,2,18,동교동,120
20,0,2,18,논현동,106
20,0,2,18,상암동,72
20,0,2,19,도곡동,284
20,0,2,19,수서동,239
20,0,2,19,논현동,121
20,0,2,19,동교동,120
20,0,2,19,합정동,85
20,0,2,20,도곡동,290
20,0,2,20,수서동,194
20,0,2,20,동교동,113
20,0,2,20,논현동,103
20,0,2,20,동선동4가,79
20,0,2,21,도곡동,234
20,0,2,21,수서동,123
20,0,2,21,논현동,100
20,0,2,21,동교동,87
20,0,2,21,동선동4가,61
20,0,2,22,수서동,99
20,0,2,22,논현동,79
20,0,2,22,동교동,66
20,0,2,22,동선동4가,55
20,0,2,22,신사동,43
20,0,2,23,수서동,47
20,0,2,23,논현동,44
20,0,2,23,동교동,37
20,0,2,23,행당동,30
20,0,2,23,동선동4가,29
20,0,3,0,수서동,23
20,0,3,0,논현동,18
20,0,3,0,동교동,13
20,0,3,0,신사동,12
20,0,3,0,동선동4가,11
20,0,3,1,수서동,19
20,0,3,1,동교동,16
20,0,3,1,동선동4가,12
20,0,3,1,성산동,8
20,0,3,1,논현동,7
20,0,3,2,수서동,7
20,0,3,2,행당동,7
20,0,3,2,성산동,6
20,0,3,2,안암동5가,6
20,0,3,2,신사동,5
20,0,3,3,논현동,6
20,0,3,3,망원동,6
20,0,3,3,청담동,5
20,0,3,3,동선동4가,4
20,0,3,3,수서동,4
20,0,3,4,수서동,6
20,0,3,4,논현동,4
20,0,3,4,대치동,2
20,0,3,4,신사동,2
20,0,3,4,청담동,2
20,0,3,5,논현동,9
20,0,3,5,동교동,5
20,0,3,5,수서동,4
20,0,3,5,청담동,3
20,0,3,5,동선동4가,2
20,0,3,6,논현동,7
20,0,3,6,대치동,7
20,0,3,6,수서동,4
20,0,3,6,동교동,3
20,0,3,6,상암동,3
20,0,3,7,상암동,11
20,0,3,7,사근동,7
20,0,3,7,하왕십리동,7
20,0,3,7,성수동2가,6
20,0,3,7,신사동,6
20,0,3,8,상암동,50
20,0,3,8,논현동,32
20,0,3,8,공덕동,26
20,0,3,8,길음동,14
20,0,3,8,연남동,14
20,0,3,9,논현동,46
20,0,3,9,신사동,33
20,0,3,9,상암동,24
20,0,3,9,정릉동,16
20,0,3,9,공덕동,15
20,0,3,10,도곡동,38
20,0,3,10,논현동,33
20,0,3,10,상암동,31
20,0,3,10,대치동,23
20,0,3,10,수서동,20
20,0,3,11,수서동,61
20,0,3,11,도곡동,48
20,0,3,11,논현동,46
20,0,3,11,상암동,44
20,0,3,11,공덕동,34
20,0,3,12,도곡동,96
20,0,3,12,수서동,88
20,0,3,12,논현동,84
20,0,3,12,대치동,57
20,0,3,12,동교동,54
20,0,3,13,도곡동,99
20,0,3,13,논현동,96
20,0,3,13,수서동,73
20,0,3,13,상암동,59
20,0,3,13,대치동,58
20,0,3,14,도곡동,95
20,0,3,14,논현동,57
20,0,3,14,동교동,56
20,0,3,14,동선동4가,48
20,0,3,14,대치동,44
20,0,3,15,도곡동,99
20,0,3,15,논현동,73
20,0,3,15,동교동,67
20,0,3,15,수서동,46
20,0,3,15,대치동,44
20,0,3,16,도곡동,115
20,0,3,16,논현동,70
20,0,3,16,동교동,68
20,0,3,16,동선동4가,57
20,0,3,16,수서동,50
20,0,3,17,도곡동,142
20,0,3,17,동교동,76
20,0,3,17,논현동,73
20,0,3,17,수서동,72
20,0,3,17,신사동,45
20,0,3,18,도곡동,209
20,0,3,18,수서동,136
20,0,3,18,동교동,81
20,0,3,18,논현동,63
20,0,3,18,동선동4가,59
20,0,3,19,도곡동,201
20,0,3,19,수서동,138
20,0,3,19,동교동,90
20,0,3,19,논현동,74
20,0,3,19,동선동4가,53
20,0,3,20,도곡동,195
20,0,3,20,수서동,86
20,0,3,20,논현동,85
20,0,3,20,동선동4가,62
20,0,3,20,동교동,57
20,0,3,21,도곡동,146
20,0,3,21,논현동,66
20,0,3,21,수서동,60
20,0,3,21,동교동,55
20,0,3,21,동선동4가,48
20,0,3,22,동교동,53
20,0,3,22,동선동4가,46
20,0,3,22,수서동,43
20,0,3,22,논현동,39
20,0,3,22,행당동,28
20,0,3,23,동선동4가,37
20,0,3,23,동교동,33
20,0,3,23,논현동,28
20,0,3,23,수서동,28
20,0,3,23,신사동,16
20,0,4,0,수서동,58
20,0,4,0,논현동,43
20,0,4,0,동선동4가,37
20,0,4,0,신사동,37
20,0,4,0,행당동,30
20,0,4,1,신사동,38
20,0,4,1,논현동,32
20,0,4,1,수서동,19
20,0,4,1,행당동,19
20,0,4,1,대치동,17
20,0,4,2,논현동,22
20,0,4,2,신사동,16
20,0,4,2,수서동,14
20,0,4,2,동교동,11
20,0,4,2,대치동,9
20,0,4,3,논현동,22
20,0,4,3,수서동,15
20,0,4,3,동교동,5
20,0,4,3,신사동,5
20,0,4,3,합정동,5
20,0,4,4,논현동,16
20,0,4,4,수서동,5
20,0,4,4,신사동,3
20,0,4,4,동교동,2
20,0,4,4,망원동,1
20,0,4,5,논현동,14
20,0,4,5,동교동,5
20,0,4,5,신사동,3
20,0,4,5,성산동,1
20,0,4,5,수서동,1
20,0,4,6,논현동,21
20,0,4,6,대치동,7
20,0,4,6,상암동,4
20,0,4,6,신사동,4
20,0,4,6,동교동,3
20,0,4,7,대치동,21
20,0,4,7,상암동,19
20,0,4,7,성산동,19
20,0,4,7,신사동,17
20,0,4,7,노고산동,16
20,0,4,8,상암동,110
20,0,4,8,논현동,54
20,0,4,8,동교동,37
20,0,4,8,도화동,36
20,0,4,8,합정동,33
20,0,4,9,논현동,96
20,0,4,9,신사동,59
20,0,4,9,상암동,54
20,0,4,9,공덕동,35
20,0,4,9,도곡동,34
20,0,4,10,도곡동,91
20,0,4,10,수서동,76
20,0,4,10,논현동,65
20,0,4,10,상암동,55
20,0,4,10,신사동,43
20,0,4,11,논현동,118
20,0,4,11,상암동,111
20,0,4,11,도곡동,108
20,0,4,11,신사동,93
20,0,4,11,수서동,86
20,0,4,12,논현동,201
20,0,4,12,수서동,170
20,0,4,12,상암동,157
20,0,4,12,도곡동,139
20,0,4,12,신사동,129
20,0,4,13,논현동,177
20,0,4,13,신사동,160
20,0,4,13,도곡동,157
20,0,4,13,수서동,139
20,0,4,13,동교동,97
20,0,4,14,신사동,137
20,0,4,14,도곡동,136
20,0,4,14,논현동,134
20,0,4,14,동교동,118
20,0,4,14,동선동4가,95
20,0,4,15,도곡동,166
20,0,4,15,신사동,141
20,0,4,15,논현동,134
20,0,4,15,동교동,131
20,0,4,15,동선동4가,121
20,0,4,16,도곡동,168
20,0,4,16,논현동,136
20,0,4,16,신사동,136
20,0,4,16,동교동,119
20,0,4,16,동선동4가,115
20,0,4,17,도곡동,166
20,0,4,17,동교동,163
20,0,4,17,논현동,152
20,0,4,17,신사동,148
20,0,4,17,동선동4가,129
20,0,4,18,도곡동,294
20,0,4,18,수서동,230
20,0,4,18,논현동,193
20,0,4,18,신사동,165
20,0,4,18,동교동,164
20,0,4,19,도곡동,299
20,0,4,19,논현동,191
20,0,4,19,수서동,189
20,0,4,19,동선동4가,171
20,0,4,19,동교동,164
20,0,4,20,도곡동,252
20,0,4,20,신사동,167
20,0,4,20,논현동,161
20,0,4,20,동선동4가,145
20,0,4,20,동교동,137
20,0,4,21,도곡동,205
20,0,4,21,동선동4가,161
20,0,4,21,논현동,129
20,0,4,21,동교동,125
20,0,4,21,행당동,113
20,0,4,22,동선동4가,119
20,0,4,22,행당동,96
20,0,4,22,동교동,93
20,0,4,22,논현동,85
20,0,4,22,수서동,75
20,0,4,23,수서동,75
20,0,4,23,논현동,67
20,0,4,23,행당동,56
20,0,4,23,동교동,54
20,0,4,23,동선동4가,50
20,0,5,0,논현동,40
20,0,5,0,수서동,36
20,0,5,0,신사동,20
20,0,5,0,동교동,12
20,0,5,0,동선동4가,10
20,0,5,1,수서동,25
20,0,5,1,논현동,19
20,0,5,1,신사동,6
20,0,5,1,망원동,3
20,0,5,1,동교동,2
20,0,5,2,논현동,13
20,0,5,2,수서동,9
20,0,5,2,성산동,1
20,0,5,2,신사동,1
20,0,5,2,행당동,1
20,0,5,3,논현동,7
20,0,5,3,신사동,1
20,0,5,3,합정동,1
20,0,5,4,논현동,8
20,0,5,5,논현동,2
20,0,5,6,논현동,5
20,0,5,7,논현동,21
20,0,5,7,대치동,12
20,0,5,7,성수동2가,4
20,0,5,7,안암동5가,3
20,0,5,7,청담동,3
20,0,5,8,상암동,200
20,0,5,8,논현동,75
20,0,5,8,대치동,52
20,0,5,8,신사동,48
20,0,5,8,안암동5가,44
20,0,5,9,논현동,78
20,0,5,9,상암동,64
20,0,5,9,신사동,64
20,0,5,9,대치동,50
20,0,5,9,청담동,45
20,0,5,10,상암동,130
20,0,5,10,논현동,71
20,0,5,10,대치동,68
20,0,5,10,신사동,61
20,0,5,10,안암동5가,44
20,0,5,11,수서동,158
20,0,5,11,상암동,155
20,0,5,11,도곡동,81
20,0,5,11,논현동,77
20,0,5,11,안암동5가,66
20,0,5,12,논현동,266
20,0,5,12,신사동,245
20,0,5,12,도곡동,206
20,0,5,12,수서동,194
20,0,5,12,대치동,150
20,0,5,13,신사동,191
20,0,5,13,논현동,186
20,0,5,13,상암동,186
20,0,5,13,도곡동,176
20,0,5,13,수서동,136
20,0,5,14,신사동,151
20,0,5,14,상암동,142
20,0,5,14,도곡동,140
20,0,5,14,논현동,129
20,0,5,14,수서동,116
20,0,5,15,도곡동,143
20,0,5,15,신사동,142
20,0,5,15,논현동,128
20,0,5,15,수서동,100
20,0,5,15,동교동,88
20,0,5,16,도곡동,160
20,0,5,16,신사동,139
20,0,5,16,논현동,136
20,0,5,16,수서동,121
20,0,5,16,동교동,99
20,0,5,17,도곡동,177
20,0,5,17,수서동,172
20,0,5,17,신사동,146
20,0,5,17,논현동,122
20,0,5,17,동교동,104
20,0,5,18,도곡동,217
20,0,5,18,수서동,208
20,0,5,18,신사동,200
20,0,5,18,논현동,174
20,0,5,18,동교동,161
20,0,5,19,도곡동,235
20,0,5,19,신사동,219
20,0,5,19,수서동,205
20,0,5,19,논현동,183
20,0,5,19,동교동,159
20,0,5,20,도곡동,211
20,0,5,20,수서동,179
20,0,5,20,신사동,157
20,0,5,20,동교동,149
20,0,5,20,논현동,127
20,0,5,21,도곡동,200
20,0,5,21,수서동,156
20,0,5,21,신사동,120
20,0,5,21,동교동,117
20,0,5,21,논현동,100
20,0,5,22,수서동,141
20,0,5,22,논현동,82
20,0,5,22,신사동,80
20,0,5,22,동교동,79
20,0,5,22,행당동,46
20,0,5,23,수서동,88
20,0,5,23,논현동,60
20,0,5,23,신사동,44
20,0,5,23,동교동,35
20,0,5,23,성산동,30
20,1,1,0,논현동,87
20,1,1,0,수서동,79
20,1,1,0,안암동5가,63
20,1,1,0,동교동,58
20,1,1,0,행당동,52
20,1,1,1,수서동,49
20,1,1,1,논현동,42
20,1,1,1,동교동,37
20,1,1,1,안암동5가,36
20,1,1,1,동선동4가,32
20,1,1,2,논현동,38
20,1,1,2,행당동,35
20,1,1,2,안암동5가,34
20,1,1,2,동선동4가,30
20,1,1,2,수서동,29
20,1,1,3,동선동4가,30
20,1,1,3,논현동,29
20,1,1,3,동교동,27
20,1,1,3,안암동5가,25
20,1,1,3,행당동,22
20,1,1,4,논현동,26
20,1,1,4,동교동,22
20,1,1,4,동선동4가,22
20,1,1,4,신사동,21
20,1,1,4,행당동,16
20,1,1,5,동교동,26
20,1,1,5,행당동,17
20,1,1,5,수서동,16
20,1,1,5,동선동4가,14
20,1,1,5,논현동,13
20,1,1,6,동교동,18
20,1,1,6,합정동,15
20,1,1,6,노고산동,13
20,1,1,6,논현동,11
20,1,1,6,도화동,10
20,1,1,7,논현동,22
20,1,1,7,대치동,19
20,1,1,7,상암동,17
20,1,1,7,신사동,16
20,1,1,7,동선동4가,15
20,1,1,8,논현동,94
20,1,1,8,상암동,86
20,1,1,8,안암동5가,66
20,1,1,8,대치동,45
20,1,1,8,성수동2가,42
20,1,1,9,논현동,138
20,1,1,9,상암동,67
20,1,1,9,안암동5가,61
20,1,1,9,정릉동,55
20,1,1,9,대치동,51
20,1,1,10,대치동,105
20,1,1,10,도곡동,103
20,1,1,10,논현동,101
20,1,1,10,정릉동,88
20,1,1,10,안암동5가,79
20,1,1,11,수서동,173
20,1,1,11,도곡동,143
20,1,1,11,안암동5가,137
20,1,1,11,정릉동,129
20,1,1,11,공덕동,117
20,1,1,12,수서동,247
20,1,1,12,안암동5가,238
20,1,1,12,논현동,237
20,1,1,12,도곡동,210
20,1,1,12,대치동,157
20,1,1,13,도곡동,249
20,1,1,13,논현동,232
20,1,1,13,안암동5가,223
20,1,1,13,수서동,177
20,1,1,13,정릉동,150
20,1,1,14,도곡동,244
20,1,1,14,논현동,198
20,1,1,14,수서동,141
20,1,1,14,동교동,126
20,1,1,14,상암동,118
20,1,1,15,도곡동,252
20,1,1,15,논현동,211
20,1,1,15,동교동,127
20,1,1,15,수서동,124
20,1,1,15,대치동,116
20,1,1,16,도곡동,283
20,1,1,16,논현동,201
20,1,1,16,수서동,129
20,1,1,16,동교동,125
20,1,1,16,상암동,103
20,1,1,17,도곡동,307
20,1,1,17,수서동,213
20,1,1,17,논현동,201
20,1,1,17,상암동,134
20,1,1,17,안암동5가,132
20,1,1,18,도곡동,404
20,1,1,18,수서동,323
20,1,1,18,논현동,203
20,1,1,18,안암동5가,188
20,1,1,18,동교동,153
20,1,1,19,도곡동,401
20,1,1,19,수서동,364
20,1,1,19,논현동,221
20,1,1,19,동교동,155
20,1,1,19,안암동5가,153
20,1,1,20,도곡동,398
20,1,1,20,수서동,260
20,1,1,20,논현동,204
20,1,1,20,동교동,143
20,1,1,20,안암동5가,98
20,1,1,21,도곡동,320
20,1,1,21,수서동,223
20,1,1,21,논현동,183
20,1,1,21,동교동,102
20,1,1,21,안암동5가,94
20,1,1,22,수서동,186
20,1,1,22,논현동,178
20,1,1,22,동교동,96
20,1,1,22,안암동5가,80
20,1,1,22,대치동,77
20,1,1,23,논현동,123
20,1,1,23,수서동,116
20,1,1,23,동교동,62
20,1,1,23,행당동,62
20,1,1,23,안암동5가,57
20,1,2,0,수서동,43
20,1,2,0,논현동,40
20,1,2,0,동교동,30
20,1,2,0,동선동4가,30
20,1,2,0,신사동,29
20,1,2,1,논현동,33
20,1,2,1,수서동,28
20,1,2,1,동교동,23
20,1,2,1,안암동5가,23
20,1,2,1,동선동4가,22
20,1,2,2,논현동,24
20,1,2,2,신사동,23
20,1,2,2,안암동5가,21
20,1,2,2,동선동4가,19
20,1,2,2,동교동,17
20,1,2,3,논현동,16
20,1,2,3,동교동,16
20,1,2,3,대치동,15
20,1,2,3,신사동,15
20,1,2,3,행당동,14
20,1,2,4,동선동4가,20
20,1,2,4,논현동,17
20,1,2,4,동교동,17
20,1,2,4,행당동,13
20,1,2,4,대치동,11
20,1,2,5,행당동,13
20,1,2,5,논현동,12
20,1,2,5,동교동,12
20,1,2,5,대치동,10
20,1,2,5,정릉동,10
20,1,2,6,수서동,15
20,1,2,6,상암동,9
20,1,2,6,망원동,8
20,1,2,6,상월곡동,8
20,1,2,6,석관동,8
20,1,2,7,길음동,10
20,1,2,7,논현동,10
20,1,2,7,도화동,10
20,1,2,7,수서동,10
20,1,2,7,개포동,9
20,1,2,8,상암동,54
20,1,2,8,논현동,30
20,1,2,8,정릉동,26
20,1,2,8,안암동5가,25
20,1,2,8,염리동,25
20,1,2,9,논현동,68
20,1,2,9,상암동,30
20,1,2,9,염리동,28
20,1,2,9,안암동5가,25
20,1,2,9,대치동,21
20,1,2,10,안암동5가,56
20,1,2,10,논현동,52
20,1,2,10,대치동,52
20,1,2,10,도곡동,46
20,1,2,10,정릉동,44
20,1,2,11,정릉동,77
20,1,2,11,공덕동,75
20,1,2,11,도곡동,75
20,1,2,11,논현동,62
20,1,2,11,안암동5가,62
20,1,2,12,논현동,119
20,1,2,12,수서동,113
20,1,2,12,도곡동,104
20,1,2,12,안암동5가,102
20,1,2,12,사근동,83
20,1,2,13,논현동,117
20,1,2,13,도곡동,116
20,1,2,13,수서동,98
20,1,2,13,안암동5가,80
20,1,2,13,대치동,71
20,1,2,14,도곡동,129
20,1,2,14,논현동,108
20,1,2,14,수서동,76
20,1,2,14,대치동,69
20,1,2,14,상암동,60
20,1,2,15,도곡동,134
20,1,2,15,논현동,122
20,1,2,15,동교동,76
20,1,2,15,대치동,63
20,1,2,15,신사동,61
20,1,2,16,도곡동,142
20,1,2,16,논현동,138
20,1,2,16,대치동,65
20,1,2,16,동교동,62
20,1,2,16,수서동,60
20,1,2,17,도곡동,178
20,1,2,17,논현동,143
20,1,2,17,수서동,106
20,1,2,17,상암동,72
20,1,2,17,동교동,69
20,1,2,18,도곡동,211
20,1,2,18,수서동,201
20,1,2,18,논현동,111
20,1,2,18,행당동,79
20,1,2,18,동교동,76
20,1,2,19,도곡동,219
20,1,2,19,수서동,196
20,1,2,19,논현동,108
20,1,2,19,동교동,82
20,1,2,19,행당동,67
20,1,2,20,도곡동,230
20,1,2,20,수서동,138
20,1,2,20,논현동,106
20,1,2,20,동교동,78
20,1,2,20,동선동4가,58
20,1,2,21,도곡동,202
20,1,2,21,수서동,110
20,1,2,21,논현동,95
20,1,2,21,동교동,62
20,1,2,21,동선동4가,48
20,1,2,22,논현동,99
20,1,2,22,수서동,89
20,1,2,22,대치동,51
20,1,2,22,동선동4가,46
20,1,2,22,행당동,45
20,1,2,23,논현동,75
20,1,2,23,수서동,60
20,1,2,23,동선동4가,42
20,1,2,23,동교동,41
20,1,2,23,안암동5가,39
20,1,3,0,수서동,33
20,1,3,0,논현동,30
20,1,3,0,동선동4가,22
20,1,3,0,동교동,21
20,1,3,0,행당동,21
20,1,3,1,동교동,19
20,1,3,1,동선동4가,18
20,1,3,1,수서동,18
20,1,3,1,신사동,17
20,1,3,1,행당동,17
20,1,3,2,행당동,19
20,1,3,2,동교동,13
20,1,3,2,동선동4가,13
20,1,3,2,안암동5가,13
20,1,3,2,논현동,10
20,1,3,3,신사동,13
20,1,3,3,행당동,13
20,1,3,3,동교동,11
20,1,3,3,동선동4가,10
20,1,3,3,안암동5가,9
20,1,3,4,동교동,14
20,1,3,4,동선동4가,7
20,1,3,4,성산동,7
20,1,3,4,행당동,7
20,1,3,4,대치동,6
20,1,3,5,동교동,10
20,1,3,5,대치동,7
20,1,3,5,신사동,7
20,1,3,5,장위동,6
20,1,3,5,망원동,5
20,1,3,6,성산동,10
20,1,3,6,행당동,8
20,1,3,6,마장동,7
20,1,3,6,도화동,6
20,1,3,6,석관동,6
20,1,3,7,공덕동,10
20,1,3,7,수서동,10
20,1,3,7,동교동,8
20,1,3,7,대흥동,7
20,1,3,7,상월곡동,7
20,1,3,8,상암동,37
20,1,3,8,수서동,17
20,1,3,8,논현동,16
20,1,3,8,염리동,15
20,1,3,8,정릉동,15
20,1,3,9,논현동,36
20,1,3,9,상암동,29
20,1,3,9,공덕동,17
20,1,3,9,정릉동,16
20,1,3,9,안암동5가,15
20,1,3,10,논현동,31
20,1,3,10,대치동,30
20,1,3,10,안암동5가,30
20,1,3,10,도곡동,27
20,1,3,10,수서동,27
20,1,3,11,대치동,49
20,1,3,11,상암동,49
20,1,3,11,도곡동,46
20,1,3,11,논현동,41
20,1,3,11,수서동,40
20,1,3,12,논현동,64
20,1,3,12,수서동,58
20,1,3,12,안암동5가,55
20,1,3,12,도곡동,53
20,1,3,12,대치동,47
20,1,3,13,논현동,78
20,1,3,13,안암동5가,54
20,1,3,13,도곡동,51
20,1,3,13,대치동,47
20,1,3,13,수서동,39
20,1,3,14,논현동,87
20,1,3,14,도곡동,53
20,1,3,14,신사동,50
20,1,3,14,상암동,46
20,1,3,14,동교동,41
20,1,3,15,논현동,73
20,1,3,15,도곡동,67
20,1,3,15,신사동,47
20,1,3,15,동교동,45
20,1,3,15,대치동,37
20,1,3,16,도곡동,87
20,1,3,16,논현동,71
20,1,3,16,동교동,56
20,1,3,16,신사동,51
20,1,3,16,대치동,47
20,1,3,17,도곡동,110
20,1,3,17,논현동,71
20,1,3,17,동교동,58
20,1,3,17,수서동,55
20,1,3,17,신사동,54
20,1,3,18,도곡동,116
20,1,3,18,수서동,98
20,1,3,18,논현동,70
20,1,3,18,동교동,61
20,1,3,18,신사동,51
20,1,3,19,도곡동,132
20,1,3,19,수서동,98
20,1,3,19,논현동,80
20,1,3,19,신사동,62
20,1,3,19,동교동,55
20,1,3,20,도곡동,145
20,1,3,20,논현동,81
20,1,3,20,수서동,74
20,1,3,20,동교동,48
20,1,3,20,신사동,41
20,1,3,21,논현동,82
20,1,3,21,도곡동,77
20,1,3,21,수서동,60
20,1,3,21,동교동,49
20,1,3,21,동선동4가,35
20,1,3,22,논현동,61
20,1,3,22,동교동,37
20,1,3,22,안암동5가,32
20,1,3,22,동선동4가,30
20,1,3,22,수서동,30
20,1,3,23,논현동,49
20,1,3,23,동교동,44
20,1,3,23,안암동5가,29
20,1,3,23,행당동,27
20,1,3,23,동선동4가,24
20,1,4,0,행당동,61
20,1,4,0,수서동,60
20,1,4,0,논현동,59
20,1,4,0,동선동4가,54
20,1,4,0,신사동,39
20,1,4,1,행당동,48
20,1,4,1,동선동4가,46
20,1,4,1,신사동,43
20,1,4,1,동교동,40
20,1,4,1,논현동,38
20,1,4,2,행당동,40
20,1,4,2,동교동,35
20,1,4,2,동선동4가,32
20,1,4,2,수서동,24
20,1,4,2,안암동5가,24
20,1,4,3,행당동,27
20,1,4,3,정릉동,24
20,1,4,3,대치동,23
20,1,4,3,동선동4가,21
20,1,4,3,안암동5가,21
20,1,4,4,논현동,20
20,1,4,4,정릉동,20
20,1,4,4,동교동,15
20,1,4,4,행당동,14
20,1,4,4,대치동,12
20,1,4,5,논현동,21
20,1,4,5,동교동,19
20,1,4,5,정릉동,18
20,1,4,5,신사동,9
20,1,4,5,대치동,8
20,1,4,6,정릉동,22
20,1,4,6,대치동,20
20,1,4,6,동교동,17
20,1,4,6,논현동,16
20,1,4,6,성수동1가,15
20,1,4,7,신사동,23
20,1,4,7,상암동,20
20,1,4,7,성수동1가,20
20,1,4,7,종암동,20
20,1,4,7,행당동,19
20,1,4,8,상암동,119
20,1,4,8,염리동,40
20,1,4,8,수서동,33
20,1,4,8,정릉동,31
20,1,4,8,공덕동,26
20,1,4,9,염리동,50
20,1,4,9,상암동,47
20,1,4,9,안암동5가,46
20,1,4,9,논현동,39
20,1,4,9,정릉동,38
20,1,4,10,도곡동,82
20,1,4,10,상암동,64
20,1,4,10,안암동5가,57
20,1,4,10,정릉동,55
20,1,4,10,대치동,53
20,1,4,11,논현동,109
20,1,4,11,대치동,100
20,1,4,11,도곡동,97
20,1,4,11,행당동,84
20,1,4,11,공덕동,83
20,1,4,12,논현동,160
20,1,4,12,수서동,132
20,1,4,12,도곡동,115
20,1,4,12,대치동,112
20,1,4,12,안암동5가,111
20,1,4,13,도곡동,126
20,1,4,13,정릉동,112
20,1,4,13,논현동,111
20,1,4,13,수서동,102
20,1,4,13,대치동,95
20,1,4,14,논현동,136
20,1,4,14,도곡동,110
20,1,4,14,신사동,109
20,1,4,14,동교동,101
20,1,4,14,대치동,93
20,1,4,15,도곡동,130
20,1,4,15,논현동,128
20,1,4,15,동교동,102
20,1,4,15,안암동5가,96
20,1,4,15,수서동,90
20,1,4,16,도곡동,140
20,1,4,16,논현동,129
20,1,4,16,동교동,109
20,1,4,16,안암동5가,102
20,1,4,16,신사동,94
20,1,4,17,논현동,139
20,1,4,17,도곡동,133
20,1,4,17,동교동,112
20,1,4,17,대치동,104
20,1,4,17,신사동,101
20,1,4,18,논현동,167
20,1,4,18,도곡동,147
20,1,4,18,수서동,141
20,1,4,18,동교동,132
20,1,4,18,신사동,114
20,1,4,19,논현동,208
20,1,4,19,도곡동,193
20,1,4,19,수서동,130
20,1,4,19,동교동,111
20,1,4,19,신사동,105
20,1,4,20,도곡동,168
20,1,4,20,논현동,160
20,1,4,20,동교동,118
20,1,4,20,수서동,89
20,1,4,20,신사동,86
20,1,4,21,논현동,158
20,1,4,21,도곡동,142
20,1,4,21,동교동,111
20,1,4,21,수서동,93
20,1,4,21,동선동4가,86
20,1,4,22,논현동,122
20,1,4,22,동교동,102
20,1,4,22,수서동,95
20,1,4,22,행당동,92
20,1,4,22,신사동,91
20,1,4,23,수서동,100
20,1,4,23,논현동,94
20,1,4,23,동교동,79
20,1,4,23,동선동4가,75
20,1,4,23,신사동,69
20,1,5,0,행당동,52
20,1,5,0,논현동,47
20,1,5,0,정릉동,42
20,1,5,0,대치동,37
20,1,5,0,수서동,36
20,1,5,1,논현동,37
20,1,5,1,정릉동,36
20,1,5,1,행당동,36
20,1,5,1,대치동,34
20,1,5,1,수서동,28
20,1,5,2,논현동,30
20,1,5,2,정릉동,23
20,1,5,2,대치동,19
20,1,5,2,행당동,19
20,1,5,2,신사동,16
20,1,5,3,논현동,27
20,1,5,3,정릉동,11
20,1,5,3,동교동,9
20,1,5,3,대치동,8
20,1,5,3,행당동,7
20,1,5,4,논현동,16
20,1,5,4,신사동,5
20,1,5,4,동교동,4
20,1,5,4,종암동,2
20,1,5,4,정릉동,1
20,1,5,5,논현동,14
20,1,5,5,동교동,3
20,1,5,5,청담동,1
20,1,5,6,논현동,21
20,1,5,6,성수동1가,9
20,1,5,6,대치동,5
20,1,5,6,성산동,2
20,1,5,6,행당동,2
20,1,5,7,논현동,26
20,1,5,7,대치동,26
20,1,5,7,성수동2가,18
20,1,5,7,정릉동,10
20,1,5,7,성수동1가,8
20,1,5,8,상암동,196
20,1,5,8,안암동5가,97
20,1,5,8,염리동,84
20,1,5,8,논현동,52
20,1,5,8,정릉동,50
20,1,5,9,염리동,93
20,1,5,9,논현동,63
20,1,5,9,안암동5가,59
20,1,5,9,상암동,57
20,1,5,9,대치동,52
20,1,5,10,상암동,148
20,1,5,10,대치동,61
20,1,5,10,논현동,60
20,1,5,10,안암동5가,53
20,1,5,10,정릉동,52
20,1,5,11,상암동,189
20,1,5,11,안암동5가,129
20,1,5,11,수서동,92
20,1,5,11,정릉동,87
20,1,5,11,사근동,71
20,1,5,12,안암동5가,185
20,1,5,12,논현동,142
20,1,5,12,정릉동,132
20,1,5,12,도곡동,130
20,1,5,12,대치동,126
20,1,5,13,상암동,186
20,1,5,13,안암동5가,167
20,1,5,13,논현동,148
20,1,5,13,대치동,119
20,1,5,13,정릉동,114
20,1,5,14,상암동,138
20,1,5,14,도곡동,115
20,1,5,14,안암동5가,115
20,1,5,14,논현동,111
20,1,5,14,정릉동,105
20,1,5,15,도곡동,123
20,1,5,15,논현동,111
20,1,5,15,안암동5가,91
20,1,5,15,정릉동,86
20,1,5,15,행당동,78
20,1,5,16,도곡동,134
20,1,5,16,논현동,106
20,1,5,16,안암동5가,81
20,1,5,16,정릉동,80
20,1,5,16,행당동,79
20,1,5,17,안암동5가,155
20,1,5,17,도곡동,151
20,1,5,17,수서동,115
20,1,5,17,행당동,107
20,1,5,17,논현동,104
20,1,5,18,수서동,178
20,1,5,18,도곡동,177
20,1,5,18,안암동5가,167
20,1,5,18,행당동,147
20,1,5,18,논현동,118
20,1,5,19,도곡동,177
20,1,5,19,수서동,170
20,1,5,19,안암동5가,157
20,1,5,19,행당동,151
20,1,5,19,논현동,129
20,1,5,20,도곡동,182
20,1,5,20,수서동,150
20,1,5,20,행당동,148
20,1,5,20,논현동,126
20,1,5,20,안암동5가,113
20,1,5,21,도곡동,170
20,1,5,21,수서동,130
20,1,5,21,행당동,129
20,1,5,21,논현동,110
20,1,5,21,동교동,98
20,1,5,22,수서동,120
20,1,5,22,행당동,101
20,1,5,22,논현동,88
20,1,5,22,동교동,80
20,1,5,22,동선동4가,64
20,1,5,23,행당동,82
20,1,5,23,수서동,81
20,1,5,23,논현동,75
20,1,5,23,대치동,51
20,1,5,23,동교동,50
30,0,1,0,수서동,30
30,0,1,0,논현동,26
30,0,1,0,신사동,20
30,0,1,0,청담동,19
30,0,1,0,동교동,18
30,0,1,1,신사동,20
30,0,1,1,동교동,16
30,0,1,1,논현동,15
30,0,1,1,합정동,13
30,0,1,1,수서동,12
30,0,1,2,논현동,13
30,0,1,2,대치동,13
30,0,1,2,동교동,9
30,0,1,2,신사동,9
30,0,1,2,수서동,7
30,0,1,3,논현동,14
30,0,1,3,수서동,7
30,0,1,3,성산동,4
30,0,1,3,대치동,3
30,0,1,3,상암동,3
30,0,1,4,논현동,12
30,0,1,4,대치동,6
30,0,1,4,수서동,5
30,0,1,4,성산동,3
30,0,1,4,청담동,2
30,0,1,5,논현동,6
30,0,1,5,수서동,6
30,0,1,5,망원동,3
30,0,1,5,성산동,3
30,0,1,5,동교동,2
30,0,1,6,수서동,12
30,0,1,6,성수동1가,8
30,0,1,6,논현동,7
30,0,1,6,도곡동,7
30,0,1,6,상암동,5
30,0,1,7,논현동,20
30,0,1,7,신사동,19
30,0,1,7,공덕동,17
30,0,1,7,수서동,14
30,0,1,7,대치동,13
30,0,1,8,상암동,102
30,0,1,8,논현동,94
30,0,1,8,대치동,40
30,0,1,8,도화동,37
30,0,1,8,성수동2가,37
30,0,1,9,논현동,119
30,0,1,9,대치동,90
30,0,1,9,상암동,75
30,0,1,9,공덕동,51
30,0,1,9,신사동,44
30,0,1,10,도곡동,222
30,0,1,10,대치동,132
30,0,1,10,논현동,99
30,0,1,10,수서동,88
30,0,1,10,상암동,85
30,0,1,11,도곡동,272
30,0,1,11,수서동,228
30,0,1,11,대치동,130
30,0,1,11,상암동,104
30,0,1,11,논현동,97
30,0,1,12,도곡동,345
30,0,1,12,수서동,284
30,0,1,12,논현동,219
30,0,1,12,대치동,168
30,0,1,12,상암동,152
30,0,1,13,도곡동,366
30,0,1,13,수서동,198
30,0,1,13,대치동,143
30,0,1,13,논현동,137
30,0,1,13,상암동,129
30,0,1,14,도곡동,423
30,0,1,14,수서동,132
30,0,1,14,대치동,118
30,0,1,14,논현동,111
30,0,1,14,상암동,93
30,0,1,15,도곡동,370
30,0,1,15,수서동,129
30,0,1,15,논현동,103
30,0,1,15,대치동,102
30,0,1,15,상암동,96
30,0,1,16,도곡동,352
30,0,1,16,수서동,172
30,0,1,16,상암동,98
30,0,1,16,논현동,92
30,0,1,16,대치동,83
30,0,1,17,도곡동,368
30,0,1,17,수서동,309
30,0,1,17,논현동,108
30,0,1,17,대치동,105
30,0,1,17,상암동,86
30,0,1,18,수서동,380
30,0,1,18,도곡동,359
30,0,1,18,논현동,93
30,0,1,18,상암동,89
30,0,1,18,대치동,84
30,0,1,19,도곡동,384
30,0,1,19,수서동,359
30,0,1,19,논현동,92
30,0,1,19,망원동,75
30,0,1,19,대치동,72
30,0,1,20,도곡동,339
30,0,1,20,수서동,239
30,0,1,20,논현동,101
30,0,1,20,신사동,75
30,0,1,20,상암동,65
30,0,1,21,도곡동,308
30,0,1,21,수서동,197
30,0,1,21,신사동,82
30,0,1,21,논현동,73
30,0,1,21,대치동,61
30,0,1,22,수서동,145
30,0,1,22,논현동,63
30,0,1,22,동교동,54
30,0,1,22,신사동,54
30,0,1,22,대치동,53
30,0,1,23,수서동,54
30,0,1,23,논현동,42
30,0,1,23,동교동,36
30,0,1,23,대치동,32
30,0,1,23,신사동,27
30,0,2,0,수서동,21
30,0,2,0,논현동,19
30,0,2,0,신사동,18
30,0,2,0,대치동,14
30,0,2,0,동교동,11
30,0,2,1,논현동,20
30,0,2,1,신사동,12
30,0,2,1,수서동,10
30,0,2,1,성산동,7
30,0,2,1,대치동,3
30,0,2,2,논현동,11
30,0,2,2,신사동,8
30,0,2,2,수서동,5
30,0,2,2,대치동,3
30,0,2,2,성산동,3
30,0,2,3,논현동,10
30,0,2,3,대치동,4
30,0,2,3,망원동,3
30,0,2,3,성산동,3
30,0,2,3,수서동,3
30,0,2,4,논현동,14
30,0,2,4,수서동,3
30,0,2,4,상암동,1
30,0,2,4,성산동,1
30,0,2,4,신사동,1
30,0,2,5,논현동,7
30,0,2,5,대치동,6
30,0,2,5,수서동,3
30,0,2,5,노고산동,1
30,0,2,5,도화동,1
30,0,2,6,논현동,8
30,0,2,6,성수동2가,4
30,0,2,6,대치동,3
30,0,2,6,도곡동,3
30,0,2,6,상암동,3
30,0,2,7,대치동,14
30,0,2,7,청담동,13
30,0,2,7,논현동,12
30,0,2,7,합정동,12
30,0,2,7,공덕동,10
30,0,2,8,상암동,50
30,0,2,8,논현동,46
30,0,2,8,대치동,19
30,0,2,8,사근동,15
30,0,2,8,성수동1가,14
30,0,2,9,논현동,59
30,0,2,9,대치동,59
30,0,2,9,상암동,51
30,0,2,9,도곡동,40
30,0,2,9,신사동,36
30,0,2,10,도곡동,118
30,0,2,10,대치동,92
30,0,2,10,논현동,62
30,0,2,10,상암동,53
30,0,2,10,수서동,49
30,0,2,11,도곡동,175
30,0,2,11,수서동,110
30,0,2,11,대치동,75
30,0,2,11,상암동,69
30,0,2,11,논현동,64
30,0,2,12,도곡동,258
30,0,2,12,수서동,150
30,0,2,12,논현동,117
30,0,2,12,대치동,82
30,0,2,12,상암동,82
30,0,2,13,도곡동,248
30,0,2,13,수서동,87
30,0,2,13,논현동,85
30,0,2,13,상암동,80
30,0,2,13,대치동,79
30,0,2,14,도곡동,240
30,0,2,14,수서동,66
30,0,2,14,상암동,62
30,0,2,14,대치동,61
30,0,2,14,신사동,61
30,0,2,15,도곡동,231
30,0,2,15,논현동,72
30,0,2,15,대치동,58
30,0,2,15,수서동,57
30,0,2,15,상암동,55
30,0,2,16,도곡동,247
30,0,2,16,수서동,77
30,0,2,16,논현동,75
30,0,2,16,대치동,63
30,0,2,16,신사동,62
30,0,2,17,도곡동,247
30,0,2,17,수서동,185
30,0,2,17,대치동,59
30,0,2,17,망원동,54
30,0,2,17,상암동,54
30,0,2,18,수서동,290
30,0,2,18,도곡동,278
30,0,2,18,신사동,70
30,0,2,18,상암동,68
30,0,2,18,논현동,59
30,0,2,19,도곡동,238
30,0,2,19,수서동,237
30,0,2,19,신사동,67
30,0,2,19,행당동,55
30,0,2,19,논현동,51
30,0,2,20,도곡동,209
30,0,2,20,수서동,150
30,0,2,20,논현동,60
30,0,2,20,신사동,59
30,0,2,20,동교동,48
30,0,2,21,도곡동,142
30,0,2,21,수서동,88
30,0,2,21,논현동,51
30,0,2,21,대치동,38
30,0,2,21,동교동,36
30,0,2,22,수서동,62
30,0,2,22,동교동,33
30,0,2,22,신사동,32
30,0,2,22,논현동,27
30,0,2,22,대치동,23
30,0,2,23,수서동,33
30,0,2,23,신사동,26
30,0,2,23,논현동,19
30,0,2,23,동교동,18
30,0,2,23,상암동,14
30,0,3,0,논현동,11
30,0,3,0,수서동,8
30,0,3,0,상암동,7
30,0,3,0,신사동,7
30,0,3,0,대치동,6
30,0,3,1,신사동,7
30,0,3,1,논현동,6
30,0,3,1,대치동,6
30,0,3,1,망원동,4
30,0,3,1,상암동,4
30,0,3,2,논현동,13
30,0,3,2,수서동,5
30,0,3,2,대치동,2
30,0,3,2,망원동,2
30,0,3,2,신사동,2
30,0,3,3,수서동,6
30,0,3,3,논현동,5
30,0,3,3,대치동,2
30,0,3,3,신사동,1
30,0,3,3,정릉동,1
30,0,3,4,논현동,2
30,0,3,4,대치동,2
30,0,3,4,신사동,1
30,0,3,5,논현동,6
30,0,3,5,대치동,1
30,0,3,6,논현동,3
30,0,3,6,수서동,2
30,0,3,6,도곡동,1
30,0,3,6,성수동1가,1
30,0,3,6,성수동2가,1
30,0,3,7,논현동,9
30,0,3,7,일원동,9
30,0,3,7,수서동,8
30,0,3,7,상암동,7
30,0,3,7,성수동2가,6
30,0,3,8,상암동,47
30,0,3,8,논현동,26
30,0,3,8,수서동,13
30,0,3,8,대치동,10
30,0,3,8,대흥동,10
30,0,3,9,논현동,38
30,0,3,9,대치동,29
30,0,3,9,상암동,27
30,0,3,9,신사동,24
30,0,3,9,정릉동,22
30,0,3,10,도곡동,84
30,0,3,10,논현동,42
30,0,3,10,대치동,42
30,0,3,10,상암동,33
30,0,3,10,동교동,26
30,0,3,11,도곡동,110
30,0,3,11,수서동,53
30,0,3,11,대치동,51
30,0,3,11,상암동,40
30,0,3,11,논현동,39
30,0,3,12,도곡동,159
30,0,3,12,수서동,80
30,0,3,12,논현동,52
30,0,3,12,상암동,47
30,0,3,12,대치동,45
30,0,3,13,도곡동,165
30,0,3,13,논현동,57
30,0,3,13,상암동,57
30,0,3,13,대치동,52
30,0,3,13,신사동,47
30,0,3,14,도곡동,160
30,0,3,14,대치동,54
30,0,3,14,상암동,52
30,0,3,14,논현동,49
30,0,3,14,신사동,33
30,0,3,15,도곡동,171
30,0,3,15,논현동,56
30,0,3,15,대치동,47
30,0,3,15,신사동,39
30,0,3,15,망원동,35
30,0,3,16,도곡동,172
30,0,3,16,대치동,51
30,0,3,16,망원동,48
30,0,3,16,논현동,47
30,0,3,16,수서동,46
30,0,3,17,도곡동,175
30,0,3,17,수서동,107
30,0,3,17,신사동,49
30,0,3,17,대치동,48
30,0,3,17,행당동,48
30,0,3,18,수서동,184
30,0,3,18,도곡동,181
30,0,3,18,동교동,51
30,0,3,18,상암동,47
30,0,3,18,신사동,47
30,0,3,19,수서동,145
30,0,3,19,도곡동,130
30,0,3,19,신사동,55
30,0,3,19,논현동,42
30,0,3,19,동교동,39
30,0,3,20,도곡동,138
30,0,3,20,신사동,52
30,0,3,20,수서동,50
30,0,3,20,동선동4가,36
30,0,3,20,논현동,35
30,0,3,21,도곡동,109
30,0,3,21,수서동,53
30,0,3,21,논현동,39
30,0,3,21,신사동,30
30,0,3,21,동교동,27
30,0,3,22,수서동,40
30,0,3,22,신사동,31
30,0,3,22,논현동,22
30,0,3,22,동교동,19
30,0,3,22,대치동,13
30,0,3,23,논현동,18
30,0,3,23,수서동,17
30,0,3,23,동교동,11
30,0,3,23,상암동,9
30,0,3,23,신사동,9
30,0,4,0,논현동,38
30,0,4,0,신사동,16
30,0,4,0,망원동,15
30,0,4,0,성산동,14
30,0,4,0,수서동,14
30,0,4,1,논현동,29
30,0,4,1,수서동,19
30,0,4,1,신사동,11
30,0,4,1,대치동,10
30,0,4,1,망원동,2
30,0,4,2,논현동,17
30,0,4,2,수서동,16
30,0,4,2,대치동,2
30,0,4,2,신사동,2
30,0,4,2,성산동,1
30,0,4,3,논현동,11
30,0,4,3,수서동,5
30,0,4,3,대치동,1
30,0,4,4,논현동,6
30,0,4,4,수서동,1
30,0,4,5,논현동,8
30,0,4,5,대치동,1
30,0,4,6,논현동,10
30,0,4,6,도곡동,2
30,0,4,6,상암동,2
30,0,4,6,수서동,2
30,0,4,6,대치동,1
30,0,4,7,상암동,21
30,0,4,7,대치동,16
30,0,4,7,청담동,16
30,0,4,7,공덕동,14
30,0,4,7,논현동,14
30,0,4,8,상암동,91
30,0,4,8,수서동,38
30,0,4,8,공덕동,35
30,0,4,8,논현동,35
30,0,4,8,안암동5가,29
30,0,4,9,논현동,73
30,0,4,9,도곡동,58
30,0,4,9,대치동,55
30,0,4,9,정릉동,52
30,0,4,9,신사동,45
30,0,4,10,대치동,164
30,0,4,10,도곡동,110
30,0,4,10,논현동,73
30,0,4,10,상암동,73
30,0,4,10,정릉동,65
30,0,4,11,도곡동,197
30,0,4,11,대치동,156
30,0,4,11,논현동,119
30,0,4,11,상암동,112
30,0,4,11,신사동,85
30,0,4,12,도곡동,291
30,0,4,12,논현동,163
30,0,4,12,수서동,144
30,0,4,12,상암동,136
30,0,4,12,대치동,118
30,0,4,13,도곡동,314
30,0,4,13,신사동,133
30,0,4,13,수서동,128
30,0,4,13,논현동,119
30,0,4,13,대치동,107
30,0,4,14,도곡동,273
30,0,4,14,대치동,127
30,0,4,14,논현동,122
30,0,4,14,신사동,106
30,0,4,14,상암동,90
30,0,4,15,도곡동,318
30,0,4,15,대치동,135
30,0,4,15,신사동,96
30,0,4,15,논현동,90
30,0,4,15,망원동,80
30,0,4,16,도곡동,302
30,0,4,16,대치동,116
30,0,4,16,논현동,105
30,0,4,16,신사동,99
30,0,4,16,수서동,89
30,0,4,17,도곡동,273
30,0,4,17,수서동,180
30,0,4,17,신사동,129
30,0,4,17,논현동,127
30,0,4,17,대치동,115
30,0,4,18,수서동,307
30,0,4,18,도곡동,287
30,0,4,18,논현동,168
30,0,4,18,신사동,143
30,0,4,18,대치동,120
30,0,4,19,도곡동,239
30,0,4,19,수서동,189
30,0,4,19,신사동,147
30,0,4,19,논현동,128
30,0,4,19,망원동,97
30,0,4,20,도곡동,200
30,0,4,20,수서동,122
30,0,4,20,신사동,90
30,0,4,20,동교동,87
30,0,4,20,논현동,83
30,0,4,21,도곡동,159
30,0,4,21,수서동,74
30,0,4,21,논현동,73
30,0,4,21,신사동,68
30,0,4,21,동교동,64
30,0,4,22,수서동,68
30,0,4,22,논현동,67
30,0,4,22,신사동,55
30,0,4,22,정릉동,36
30,0,4,22,동교동,34
30,0,4,23,논현동,47
30,0,4,23,수서동,45
30,0,4,23,신사동,44
30,0,4,23,대치동,21
30,0,4,23,동교동,17
30,0,5,0,수서동,24
30,0,5,0,논현동,12
30,0,5,0,신사동,3
30,0,5,0,대치동,2
30,0,5,1,수서동,6
30,0,5,1,논현동,2
30,0,5,2,논현동,1
30,0,5,4,논현동,1
30,0,5,6,역삼1동,1
30,0,5,7,논현동,14
30,0,5,7,대치동,2
30,0,5,7,상암동,2
30,0,5,7,성수동1가,1
30,0,5,7,일원동,1
30,0,5,8,상암동,197
30,0,5,8,논현동,62
30,0,5,8,신사동,48
30,0,5,8,대치동,44
30,0,5,8,청담동,43
30,0,5,9,논현동,67
30,0,5,9,상암동,59
30,0,5,9,대치동,53
30,0,5,9,신사동,53
30,0,5,9,청담동,42
30,0,5,10,상암동,119
30,0,5,10,대치동,108
30,0,5,10,도곡동,79
30,0,5,10,논현동,64
30,0,5,10,신사동,55
30,0,5,11,상암동,143
30,0,5,11,수서동,126
30,0,5,11,도곡동,119
30,0,5,11,대치동,99
30,0,5,11,논현동,68
30,0,5,12,도곡동,218
30,0,5,12,신사동,208
30,0,5,12,논현동,199
30,0,5,12,수서동,162
30,0,5,12,대치동,142
30,0,5,13,상암동,183
30,0,5,13,도곡동,182
30,0,5,13,신사동,143
30,0,5,13,대치동,129
30,0,5,13,논현동,127
30,0,5,14,도곡동,164
30,0,5,14,상암동,139
30,0,5,14,신사동,120
30,0,5,14,논현동,89
30,0,5,14,대치동,79
30,0,5,15,도곡동,159
30,0,5,15,신사동,104
30,0,5,15,논현동,97
30,0,5,15,대치동,71
30,0,5,15,수서동,65
30,0,5,16,도곡동,177
30,0,5,16,신사동,93
30,0,5,16,논현동,91
30,0,5,16,수서동,80
30,0,5,16,대치동,65
30,0,5,17,도곡동,189
30,0,5,17,수서동,162
30,0,5,17,신사동,82
30,0,5,17,논현동,79
30,0,5,17,대치동,43
30,0,5,18,수서동,244
30,0,5,18,도곡동,194
30,0,5,18,논현동,99
30,0,5,18,신사동,96
30,0,5,18,대치동,41
30,0,5,19,수서동,193
30,0,5,19,도곡동,179
30,0,5,19,논현동,114
30,0,5,19,신사동,105
30,0,5,19,대치동,69
30,0,5,20,도곡동,165
30,0,5,20,수서동,143
30,0,5,20,논현동,102
30,0,5,20,신사동,84
30,0,5,20,대치동,39
30,0,5,21,도곡동,132
30,0,5,21,수서동,112
30,0,5,21,논현동,72
30,0,5,21,신사동,57
30,0,5,21,성산동,23
30,0,5,22,수서동,83
30,0,5,22,논현동,53
30,0,5,22,성산동,22
30,0,5,22,대치동,19
30,0,5,22,신사동,19
30,0,5,23,수서동,45
30,0,5,23,논현동,33
30,0,5,23,신사동,11
30,0,5,23,대치동,8
30,0,5,23,성산동,7
30,1,1,0,논현동,58
30,1,1,0,수서동,41
30,1,1,0,동선동4가,28
30,1,1,0,동교동,26
30,1,1,0,안암동5가,22
30,1,1,1,논현동,44
30,1,1,1,동선동4가,29
30,1,1,1,수서동,25
30,1,1,1,동교동,19
30,1,1,1,망원동,18
30,1,1,2,논현동,33
30,1,1,2,동선동4가,15
30,1,1,2,신사동,14
30,1,1,2,도화동,13
30,1,1,2,망원동,13
30,1,1,3,논현동,26
30,1,1,3,신사동,21
30,1,1,3,대치동,15
30,1,1,3,동선동4가,14
30,1,1,3,상암동,12
30,1,1,4,논현동,22
30,1,1,4,정릉동,13
30,1,1,4,청담동,12
30,1,1,4,동교동,10
30,1,1,4,성수동2가,10
30,1,1,5,논현동,14
30,1,1,5,정릉동,13
30,1,1,5,신사동,10
30,1,1,5,망원동,9
30,1,1,5,성수동2가,9
30,1,1,6,논현동,14
30,1,1,6,수서동,12
30,1,1,6,하월곡동,12
30,1,1,6,신사동,11
30,1,1,6,장위동,11
30,1,1,7,논현동,37
30,1,1,7,도곡동,21
30,1,1,7,상암동,18
30,1,1,7,대치동,17
30,1,1,7,공덕동,16
30,1,1,8,논현동,116
30,1,1,8,상암동,98
30,1,1,8,대치동,80
30,1,1,8,성수동2가,61
30,1,1,8,도곡동,35
30,1,1,9,논현동,136
30,1,1,9,대치동,122
30,1,1,9,상암동,94
30,1,1,9,성수동2가,56
30,1,1,9,신사동,54
30,1,1,10,도곡동,240
30,1,1,10,대치동,154
30,1,1,10,논현동,118
30,1,1,10,상암동,82
30,1,1,10,수서동,65
30,1,1,11,도곡동,310
30,1,1,11,대치동,164
30,1,1,11,상암동,137
30,1,1,11,논현동,121
30,1,1,11,수서동,111
30,1,1,12,도곡동,383
30,1,1,12,논현동,286
30,1,1,12,대치동,237
30,1,1,12,수서동,193
30,1,1,12,상암동,165
30,1,1,13,도곡동,359
30,1,1,13,논현동,224
30,1,1,13,대치동,191
30,1,1,13,수서동,147
30,1,1,13,상암동,119
30,1,1,14,도곡동,375
30,1,1,14,대치동,147
30,1,1,14,논현동,127
30,1,1,14,수서동,113
30,1,1,14,상암동,98
30,1,1,15,도곡동,368
30,1,1,15,논현동,136
30,1,1,15,상암동,128
30,1,1,15,대치동,115
30,1,1,15,신사동,96
30,1,1,16,도곡동,414
30,1,1,16,논현동,130
30,1,1,16,수서동,123
30,1,1,16,대치동,110
30,1,1,16,상암동,108
30,1,1,17,도곡동,372
30,1,1,17,수서동,261
30,1,1,17,논현동,146
30,1,1,17,대치동,118
30,1,1,17,상암동,102
30,1,1,18,수서동,364
30,1,1,18,도곡동,342
30,1,1,18,논현동,142
30,1,1,18,상암동,128
30,1,1,18,대치동,100
30,1,1,19,도곡동,366
30,1,1,19,수서동,317
30,1,1,19,논현동,179
30,1,1,19,신사동,108
30,1,1,19,상암동,86
30,1,1,20,도곡동,389
30,1,1,20,수서동,262
30,1,1,20,논현동,165
30,1,1,20,신사동,88
30,1,1,20,대치동,73
30,1,1,21,도곡동,320
30,1,1,21,수서동,199
30,1,1,21,논현동,139
30,1,1,21,신사동,66
30,1,1,21,상암동,63
30,1,1,22,수서동,135
30,1,1,22,논현동,114
30,1,1,22,대치동,61
30,1,1,22,신사동,55
30,1,1,22,동선동4가,53
30,1,1,23,논현동,92
30,1,1,23,수서동,80
30,1,1,23,동교동,51
30,1,1,23,대치동,38
30,1,1,23,망원동,31
30,1,2,0,논현동,31
30,1,2,0,수서동,22
30,1,2,0,신사동,19
30,1,2,0,망원동,18
30,1,2,0,동선동4가,16
30,1,2,1,논현동,24
30,1,2,1,동교동,20
30,1,2,1,신사동,17
30,1,2,1,동선동4가,12
30,1,2,1,도화동,9
30,1,2,2,논현동,18
30,1,2,2,신사동,15
30,1,2,2,동교동,14
30,1,2,2,대치동,9
30,1,2,2,연남동,9
30,1,2,3,신사동,12
30,1,2,3,논현동,8
30,1,2,3,동교동,8
30,1,2,3,수서동,8
30,1,2,3,대치동,6
30,1,2,4,신사동,15
30,1,2,4,대치동,10
30,1,2,4,논현동,9
30,1,2,4,성산동,6
30,1,2,4,정릉동,6
30,1,2,5,논현동,9
30,1,2,5,청담동,9
30,1,2,5,대치동,8
30,1,2,5,돈암동,7
30,1,2,5,신사동,7
30,1,2,6,성산동,10
30,1,2,6,논현동,8
30,1,2,6,성수동2가,8
30,1,2,6,망원동,7
30,1,2,6,청담동,7
30,1,2,7,논현동,19
30,1,2,7,도화동,10
30,1,2,7,공덕동,9
30,1,2,7,마장동,9
30,1,2,7,하월곡동,8
30,1,2,8,상암동,61
30,1,2,8,대치동,45
30,1,2,8,논현동,42
30,1,2,8,성수동2가,18
30,1,2,8,동교동,17
30,1,2,9,논현동,74
30,1,2,9,대치동,54
30,1,2,9,상암동,37
30,1,2,9,신사동,27
30,1,2,9,도곡동,26
30,1,2,10,도곡동,120
30,1,2,10,대치동,81
30,1,2,10,논현동,70
30,1,2,10,상암동,44
30,1,2,10,신사동,37
30,1,2,11,도곡동,150
30,1,2,11,대치동,85
30,1,2,11,수서동,72
30,1,2,11,상암동,66
30,1,2,11,논현동,54
30,1,2,12,도곡동,200
30,1,2,12,논현동,157
30,1,2,12,대치동,127
30,1,2,12,수서동,109
30,1,2,12,상암동,95
30,1,2,13,도곡동,201
30,1,2,13,논현동,93
30,1,2,13,대치동,89
30,1,2,13,상암동,78
30,1,2,13,수서동,68
30,1,2,14,도곡동,217
30,1,2,14,논현동,97
30,1,2,14,대치동,77
30,1,2,14,상암동,64
30,1,2,14,신사동,51
30,1,2,15,도곡동,240
30,1,2,15,대치동,75
30,1,2,15,논현동,74
30,1,2,15,상암동,68
30,1,2,15,신사동,60
30,1,2,16,도곡동,228
30,1,2,16,논현동,107
30,1,2,16,상암동,76
30,1,2,16,대치동,74
30,1,2,16,신사동,50
30,1,2,17,도곡동,203
30,1,2,17,수서동,119
30,1,2,17,대치동,70
30,1,2,17,상암동,67
30,1,2,17,신사동,66
30,1,2,18,도곡동,247
30,1,2,18,수서동,223
30,1,2,18,상암동,74
30,1,2,18,논현동,60
30,1,2,18,신사동,60
30,1,2,19,도곡동,246
30,1,2,19,수서동,187
30,1,2,19,논현동,73
30,1,2,19,신사동,63
30,1,2,19,상암동,55
30,1,2,20,도곡동,226
30,1,2,20,수서동,131
30,1,2,20,논현동,80
30,1,2,20,신사동,62
30,1,2,20,대치동,42
30,1,2,21,도곡동,195
30,1,2,21,수서동,101
30,1,2,21,논현동,78
30,1,2,21,신사동,55
30,1,2,21,망원동,33
30,1,2,22,수서동,76
30,1,2,22,논현동,73
30,1,2,22,대치동,34
30,1,2,22,동교동,32
30,1,2,22,신사동,32
30,1,2,23,논현동,46
30,1,2,23,수서동,45
30,1,2,23,동선동4가,27
30,1,2,23,대치동,22
30,1,2,23,행당동,21
30,1,3,0,논현동,24
30,1,3,0,수서동,16
30,1,3,0,동교동,12
30,1,3,0,동선동4가,9
30,1,3,0,금호동4가,8
30,1,3,1,논현동,17
30,1,3,1,동교동,11
30,1,3,1,신사동,11
30,1,3,1,합정동,10
30,1,3,1,행당동,9
30,1,3,2,논현동,13
30,1,3,2,신사동,12
30,1,3,2,동교동,8
30,1,3,2,정릉동,7
30,1,3,2,청담동,7
30,1,3,3,동교동,12
30,1,3,3,신사동,6
30,1,3,3,망원동,5
30,1,3,3,청담동,5
30,1,3,3,논현동,4
30,1,3,4,논현동,8
30,1,3,4,신사동,5
30,1,3,4,대치동,4
30,1,3,4,수서동,3
30,1,3,4,정릉동,3
30,1,3,5,논현동,6
30,1,3,5,대치동,6
30,1,3,5,동교동,5
30,1,3,5,신사동,5
30,1,3,5,성산동,4
30,1,3,6,동교동,9
30,1,3,6,개포동,8
30,1,3,6,망원동,8
30,1,3,6,상암동,8
30,1,3,6,수서동,8
30,1,3,7,논현동,12
30,1,3,7,망원동,12
30,1,3,7,일원동,11
30,1,3,7,공덕동,9
30,1,3,7,수서동,9
30,1,3,8,상암동,50
30,1,3,8,논현동,28
30,1,3,8,대치동,21
30,1,3,8,도곡동,12
30,1,3,8,공덕동,11
30,1,3,9,논현동,38
30,1,3,9,상암동,25
30,1,3,9,대치동,22
30,1,3,9,정릉동,18
30,1,3,9,안암동5가,17
30,1,3,10,대치동,55
30,1,3,10,도곡동,55
30,1,3,10,논현동,40
30,1,3,10,정릉동,31
30,1,3,10,상암동,25
30,1,3,11,도곡동,88
30,1,3,11,대치동,55
30,1,3,11,수서동,49
30,1,3,11,상암동,45
30,1,3,11,논현동,42
30,1,3,12,도곡동,126
30,1,3,12,논현동,77
30,1,3,12,대치동,72
30,1,3,12,상암동,72
30,1,3,12,수서동,45
30,1,3,13,도곡동,127
30,1,3,13,논현동,59
30,1,3,13,상암동,57
30,1,3,13,수서동,54
30,1,3,13,대치동,53
30,1,3,14,도곡동,139
30,1,3,14,상암동,46
30,1,3,14,논현동,44
30,1,3,14,수서동,39
30,1,3,14,신사동,37
30,1,3,15,도곡동,141
30,1,3,15,대치동,54
30,1,3,15,논현동,51
30,1,3,15,상암동,37
30,1,3,15,신사동,34
30,1,3,16,도곡동,125
30,1,3,16,논현동,59
30,1,3,16,대치동,46
30,1,3,16,수서동,35
30,1,3,16,상암동,33
30,1,3,17,도곡동,130
30,1,3,17,논현동,57
30,1,3,17,수서동,53
30,1,3,17,대치동,46
30,1,3,17,신사동,39
30,1,3,18,도곡동,137
30,1,3,18,수서동,130
30,1,3,18,논현동,67
30,1,3,18,신사동,42
30,1,3,18,행당동,42
30,1,3,19,도곡동,154
30,1,3,19,수서동,113
30,1,3,19,논현동,46
30,1,3,19,신사동,42
30,1,3,19,대치동,33
30,1,3,20,도곡동,138
30,1,3,20,수서동,80
30,1,3,20,논현동,44
30,1,3,20,신사동,34
30,1,3,20,행당동,30
30,1,3,21,도곡동,121
30,1,3,21,수서동,53
30,1,3,21,논현동,45
30,1,3,21,동교동,31
30,1,3,21,신사동,25
30,1,3,22,수서동,34
30,1,3,22,논현동,30
30,1,3,22,신사동,27
30,1,3,22,동교동,19
30,1,3,22,합정동,19
30,1,3,23,수서동,32
30,1,3,23,논현동,27
30,1,3,23,신사동,23
30,1,3,23,동교동,20
30,1,3,23,대치동,16
30,1,4,0,논현동,38
30,1,4,0,동교동,36
30,1,4,0,신사동,34
30,1,4,0,상암동,24
30,1,4,0,청담동,23
30,1,4,1,신사동,32
30,1,4,1,논현동,28
30,1,4,1,동교동,21
30,1,4,1,청담동,17
30,1,4,1,망원동,16
30,1,4,2,신사동,26
30,1,4,2,대치동,21
30,1,4,2,망원동,19
30,1,4,2,논현동,14
30,1,4,2,성산동,13
30,1,4,3,논현동,23
30,1,4,3,대치동,11
30,1,4,3,신사동,11
30,1,4,3,청담동,8
30,1,4,3,합정동,8
30,1,4,4,논현동,26
30,1,4,4,대치동,8
30,1,4,4,동교동,6
30,1,4,4,망원동,6
30,1,4,4,신사동,3
30,1,4,5,논현동,28
30,1,4,5,대치동,11
30,1,4,5,성산동,7
30,1,4,5,정릉동,7
30,1,4,5,망원동,5
30,1,4,6,정릉동,19
30,1,4,6,성수동1가,16
30,1,4,6,논현동,15
30,1,4,6,대치동,15
30,1,4,6,합정동,13
30,1,4,7,대치동,22
30,1,4,7,정릉동,20
30,1,4,7,공덕동,18
30,1,4,7,성산동,18
30,1,4,7,도곡동,17
30,1,4,8,상암동,116
30,1,4,8,수서동,41
30,1,4,8,논현동,34
30,1,4,8,공덕동,33
30,1,4,8,합정동,24
30,1,4,9,논현동,62
30,1,4,9,수서동,50
30,1,4,9,상암동,49
30,1,4,9,대치동,44
30,1,4,9,정릉동,43
30,1,4,10,대치동,146
30,1,4,10,도곡동,112
30,1,4,10,논현동,64
30,1,4,10,정릉동,62
30,1,4,10,수서동,45
30,1,4,11,도곡동,133
30,1,4,11,대치동,130
30,1,4,11,논현동,109
30,1,4,11,상암동,91
30,1,4,11,수서동,83
30,1,4,12,도곡동,187
30,1,4,12,논현동,171
30,1,4,12,대치동,155
30,1,4,12,상암동,148
30,1,4,12,수서동,123
30,1,4,13,도곡동,224
30,1,4,13,대치동,109
30,1,4,13,논현동,103
30,1,4,13,상암동,84
30,1,4,13,수서동,80
30,1,4,14,도곡동,197
30,1,4,14,논현동,103
30,1,4,14,대치동,101
30,1,4,14,신사동,87
30,1,4,14,상암동,73
30,1,4,15,도곡동,235
30,1,4,15,논현동,130
30,1,4,15,대치동,94
30,1,4,15,신사동,77
30,1,4,15,정릉동,56
30,1,4,16,도곡동,242
30,1,4,16,대치동,105
30,1,4,16,논현동,97
30,1,4,16,상암동,81
30,1,4,16,수서동,77
30,1,4,17,도곡동,218
30,1,4,17,수서동,128
30,1,4,17,논현동,116
30,1,4,17,대치동,96
30,1,4,17,신사동,73
30,1,4,18,도곡동,235
30,1,4,18,수서동,200
30,1,4,18,논현동,127
30,1,4,18,대치동,94
30,1,4,18,신사동,88
30,1,4,19,도곡동,267
30,1,4,19,수서동,189
30,1,4,19,논현동,98
30,1,4,19,행당동,92
30,1,4,19,대치동,74
30,1,4,20,도곡동,254
30,1,4,20,수서동,134
30,1,4,20,논현동,113
30,1,4,20,행당동,73
30,1,4,20,합정동,66
30,1,4,21,도곡동,162
30,1,4,21,수서동,95
30,1,4,21,논현동,93
30,1,4,21,신사동,62
30,1,4,21,행당동,62
30,1,4,22,논현동,94
30,1,4,22,수서동,90
30,1,4,22,신사동,61
30,1,4,22,동교동,59
30,1,4,22,합정동,41
30,1,4,23,논현동,68
30,1,4,23,수서동,59
30,1,4,23,신사동,48
30,1,4,23,동교동,31
30,1,4,23,노고산동,22
30,1,5,0,논현동,52
30,1,5,0,수서동,31
30,1,5,0,신사동,27
30,1,5,0,대치동,24
30,1,5,0,망원동,21
30,1,5,1,논현동,35
30,1,5,1,대치동,19
30,1,5,1,신사동,15
30,1,5,1,망원동,14
30,1,5,1,수서동,12
30,1,5,2,논현동,31
30,1,5,2,신사동,4
30,1,5,2,대치동,2
30,1,5,2,동교동,2
30,1,5,2,성산동,2
30,1,5,3,논현동,23
30,1,5,3,대치동,2
30,1,5,3,신사동,2
30,1,5,3,청담동,1
30,1,5,4,논현동,13
30,1,5,5,논현동,8
30,1,5,6,논현동,20
30,1,5,6,성수동1가,4
30,1,5,6,대치동,3
30,1,5,6,정릉동,2
30,1,5,6,석관동,1
30,1,5,7,논현동,29
30,1,5,7,대치동,22
30,1,5,7,성수동2가,21
30,1,5,7,신사동,19
30,1,5,7,청담동,18
30,1,5,8,상암동,228
30,1,5,8,논현동,63
30,1,5,8,대치동,50
30,1,5,8,성수동2가,46
30,1,5,8,성수동1가,43
30,1,5,9,상암동,72
30,1,5,9,논현동,62
30,1,5,9,대치동,58
30,1,5,9,성수동2가,46
30,1,5,9,신사동,45
30,1,5,10,상암동,169
30,1,5,10,대치동,158
30,1,5,10,도곡동,91
30,1,5,10,논현동,71
30,1,5,10,신사동,51
30,1,5,11,상암동,211
30,1,5,11,대치동,158
30,1,5,11,도곡동,122
30,1,5,11,논현동,91
30,1,5,11,수서동,71
30,1,5,12,도곡동,210
30,1,5,12,논현동,187
30,1,5,12,신사동,138
30,1,5,12,대치동,131
30,1,5,12,상암동,122
30,1,5,13,상암동,204
30,1,5,13,도곡동,169
30,1,5,13,논현동,143
30,1,5,13,대치동,138
30,1,5,13,신사동,122
30,1,5,14,상암동,166
30,1,5,14,도곡동,148
30,1,5,14,논현동,106
30,1,5,14,대치동,87
30,1,5,14,신사동,84
30,1,5,15,도곡동,163
30,1,5,15,논현동,85
30,1,5,15,대치동,75
30,1,5,15,신사동,67
30,1,5,15,상암동,56
30,1,5,16,도곡동,178
30,1,5,16,논현동,77
30,1,5,16,신사동,65
30,1,5,16,대치동,55
30,1,5,16,상암동,52
30,1,5,17,도곡동,178
30,1,5,17,수서동,122
30,1,5,17,논현동,80
30,1,5,17,신사동,55
30,1,5,17,대치동,45
30,1,5,18,도곡동,183
30,1,5,18,수서동,182
30,1,5,18,논현동,94
30,1,5,18,대치동,65
30,1,5,18,신사동,64
30,1,5,19,도곡동,189
30,1,5,19,수서동,173
30,1,5,19,논현동,126
30,1,5,19,신사동,96
30,1,5,19,대치동,80
30,1,5,20,도곡동,174
30,1,5,20,수서동,129
30,1,5,20,논현동,116
30,1,5,20,신사동,90
30,1,5,20,대치동,60
30,1,5,21,도곡동,162
30,1,5,21,수서동,116
30,1,5,21,논현동,97
30,1,5,21,신사동,66
30,1,5,21,대치동,54
30,1,5,22,수서동,87
30,1,5,22,논현동,81
30,1,5,22,신사동,46
30,1,5,22,정릉동,36
30,1,5,22,대치동,34
30,1,5,23,논현동,63
30,1,5,23,수서동,41
30,1,5,23,신사동,38
30,1,5,23,대치동,31
30,1,5,23,망원동,30
40,0,1,0,논현동,30
40,0,1,0,신사동,23
40,0,1,0,대치동,21
40,0,1,0,상암동,18
40,0,1,0,정릉동,17
40,0,1,1,대치동,17
40,0,1,1,논현동,14
40,0,1,1,동교동,9
40,0,1,1,신사동,9
40,0,1,1,도화동,6
40,0,1,2,대치동,6
40,0,1,2,신사동,6
40,0,1,2,논현동,4
40,0,1,2,도화동,3
40,0,1,2,마장동,3
40,0,1,3,논현동,14
40,0,1,3,신사동,2
40,0,1,3,대치동,1
40,0,1,3,도곡동,1
40,0,1,3,망원동,1
40,0,1,4,논현동,4
40,0,1,4,대치동,4
40,0,1,4,도곡동,1
40,0,1,4,망원동,1
40,0,1,4,상암동,1
40,0,1,5,상암동,5
40,0,1,5,논현동,4
40,0,1,5,성산동,4
40,0,1,5,신사동,2
40,0,1,5,대치동,1
40,0,1,6,논현동,16
40,0,1,6,대치동,16
40,0,1,6,성산동,11
40,0,1,6,수서동,10
40,0,1,6,상암동,9
40,0,1,7,대치동,50
40,0,1,7,논현동,43
40,0,1,7,상암동,31
40,0,1,7,성수동2가,27
40,0,1,7,신사동,24
40,0,1,8,상암동,211
40,0,1,8,대치동,98
40,0,1,8,도곡동,70
40,0,1,8,논현동,62
40,0,1,8,일원동,61
40,0,1,9,대치동,250
40,0,1,9,논현동,165
40,0,1,9,상암동,158
40,0,1,9,도곡동,136
40,0,1,9,신사동,96
40,0,1,10,도곡동,510
40,0,1,10,대치동,405
40,0,1,10,상암동,212
40,0,1,10,논현동,178
40,0,1,10,망원동,125
40,0,1,11,도곡동,731
40,0,1,11,대치동,376
40,0,1,11,상암동,240
40,0,1,11,논현동,218
40,0,1,11,망원동,153
40,0,1,12,도곡동,851
40,0,1,12,대치동,316
40,0,1,12,상암동,265
40,0,1,12,논현동,245
40,0,1,12,신사동,211
40,0,1,13,도곡동,868
40,0,1,13,대치동,410
40,0,1,13,상암동,270
40,0,1,13,논현동,238
40,0,1,13,신사동,235
40,0,1,14,도곡동,930
40,0,1,14,대치동,349
40,0,1,14,상암동,278
40,0,1,14,논현동,247
40,0,1,14,신사동,200
40,0,1,15,도곡동,974
40,0,1,15,대치동,341
40,0,1,15,논현동,239
40,0,1,15,신사동,213
40,0,1,15,상암동,207
40,0,1,16,도곡동,903
40,0,1,16,대치동,347
40,0,1,16,망원동,222
40,0,1,16,신사동,204
40,0,1,16,상암동,203
40,0,1,17,도곡동,859
40,0,1,17,대치동,368
40,0,1,17,수서동,246
40,0,1,17,상암동,225
40,0,1,17,망원동,215
40,0,1,18,도곡동,825
40,0,1,18,대치동,280
40,0,1,18,수서동,273
40,0,1,18,논현동,229
40,0,1,18,신사동,187
40,0,1,19,도곡동,722
40,0,1,19,대치동,229
40,0,1,19,수서동,205
40,0,1,19,논현동,201
40,0,1,19,신사동,172
40,0,1,20,도곡동,645
40,0,1,20,대치동,180
40,0,1,20,논현동,173
40,0,1,20,신사동,139
40,0,1,20,행당동,131
40,0,1,21,도곡동,554
40,0,1,21,대치동,171
40,0,1,21,논현동,118
40,0,1,21,신사동,99
40,0,1,21,동선동4가,82
40,0,1,22,대치동,150
40,0,1,22,논현동,84
40,0,1,22,신사동,58
40,0,1,22,상암동,55
40,0,1,22,수서동,53
40,0,1,23,대치동,67
40,0,1,23,논현동,60
40,0,1,23,상암동,42
40,0,1,23,신사동,42
40,0,1,23,석관동,34
40,0,2,0,논현동,20
40,0,2,0,대치동,16
40,0,2,0,정릉동,11
40,0,2,0,종암동,11
40,0,2,0,망원동,7
40,0,2,1,논현동,9
40,0,2,1,대치동,9
40,0,2,1,종암동,5
40,0,2,1,성산동,4
40,0,2,1,신사동,4
40,0,2,2,논현동,4
40,0,2,2,대치동,3
40,0,2,2,마장동,3
40,0,2,2,개포동,1
40,0,2,2,성산동,1
40,0,2,3,논현동,3
40,0,2,3,장위동,1
40,0,2,4,상암동,1
40,0,2,5,논현동,1
40,0,2,5,대치동,1
40,0,2,6,수서동,7
40,0,2,6,정릉동,7
40,0,2,6,논현동,6
40,0,2,6,대치동,5
40,0,2,6,신사동,5
40,0,2,7,논현동,16
40,0,2,7,상암동,16
40,0,2,7,대치동,14
40,0,2,7,성수동2가,13
40,0,2,7,청담동,13
40,0,2,8,상암동,137
40,0,2,8,도곡동,44
40,0,2,8,논현동,41
40,0,2,8,대치동,38
40,0,2,8,정릉동,30
40,0,2,9,대치동,155
40,0,2,9,도곡동,93
40,0,2,9,상암동,79
40,0,2,9,정릉동,79
40,0,2,9,논현동,76
40,0,2,10,도곡동,291
40,0,2,10,대치동,251
40,0,2,10,상암동,118
40,0,2,10,논현동,102
40,0,2,10,신사동,87
40,0,2,11,도곡동,416
40,0,2,11,대치동,244
40,0,2,11,상암동,167
40,0,2,11,논현동,123
40,0,2,11,망원동,108
40,0,2,12,도곡동,514
40,0,2,12,대치동,204
40,0,2,12,논현동,168
40,0,2,12,상암동,150
40,0,2,12,신사동,147
40,0,2,13,도곡동,547
40,0,2,13,대치동,206
40,0,2,13,상암동,166
40,0,2,13,신사동,132
40,0,2,13,논현동,127
40,0,2,14,도곡동,596
40,0,2,14,대치동,213
40,0,2,14,논현동,153
40,0,2,14,상암동,153
40,0,2,14,신사동,141
40,0,2,15,도곡동,681
40,0,2,15,대치동,197
40,0,2,15,신사동,137
40,0,2,15,논현동,132
40,0,2,15,망원동,132
40,0,2,16,도곡동,625
40,0,2,16,대치동,186
40,0,2,16,신사동,137
40,0,2,16,논현동,135
40,0,2,16,상암동,129
40,0,2,17,도곡동,597
40,0,2,17,대치동,204
40,0,2,17,신사동,152
40,0,2,17,망원동,134
40,0,2,17,정릉동,122
40,0,2,18,도곡동,524
40,0,2,18,수서동,156
40,0,2,18,대치동,154
40,0,2,18,신사동,127
40,0,2,18,망원동,122
40,0,2,19,도곡동,432
40,0,2,19,대치동,155
40,0,2,19,신사동,112
40,0,2,19,논현동,110
40,0,2,19,망원동,104
40,0,2,20,도곡동,416
40,0,2,20,대치동,105
40,0,2,20,논현동,86
40,0,2,20,신사동,84
40,0,2,20,행당동,71
40,0,2,21,도곡동,319
40,0,2,21,대치동,101
40,0,2,21,논현동,67
40,0,2,21,신사동,62
40,0,2,21,상암동,58
40,0,2,22,대치동,104
40,0,2,22,논현동,57
40,0,2,22,신사동,46
40,0,2,22,상암동,43
40,0,2,22,도곡동,35
40,0,2,23,논현동,35
40,0,2,23,대치동,28
40,0,2,23,개포동,24
40,0,2,23,망원동,23
40,0,2,23,종암동,22
40,0,3,0,논현동,10
40,0,3,0,대치동,9
40,0,3,0,정릉동,7
40,0,3,0,상암동,5
40,0,3,0,개포동,4
40,0,3,1,대치동,10
40,0,3,1,논현동,2
40,0,3,1,성산동,2
40,0,3,1,마장동,1
40,0,3,1,신사동,1
40,0,3,2,논현동,2
40,0,3,2,대치동,1
40,0,3,2,마장동,1
40,0,3,2,신사동,1
40,0,3,5,논현동,1
40,0,3,6,논현동,2
40,0,3,6,대치동,2
40,0,3,6,상암동,2
40,0,3,6,개포동,1
40,0,3,6,도곡동,1
40,0,3,7,신사동,12
40,0,3,7,노고산동,8
40,0,3,7,성산동,8
40,0,3,7,수서동,7
40,0,3,7,논현동,6
40,0,3,8,상암동,85
40,0,3,8,대치동,31
40,0,3,8,도곡동,31
40,0,3,8,논현동,27
40,0,3,8,일원동,18
40,0,3,9,대치동,101
40,0,3,9,도곡동,70
40,0,3,9,상암동,48
40,0,3,9,정릉동,48
40,0,3,9,논현동,30
40,0,3,10,도곡동,186
40,0,3,10,대치동,170
40,0,3,10,상암동,101
40,0,3,10,논현동,63
40,0,3,10,정릉동,56
40,0,3,11,도곡동,252
40,0,3,11,대치동,187
40,0,3,11,상암동,110
40,0,3,11,논현동,80
40,0,3,11,신사동,71
40,0,3,12,도곡동,348
40,0,3,12,대치동,133
40,0,3,12,논현동,119
40,0,3,12,신사동,96
40,0,3,12,상암동,95
40,0,3,13,도곡동,354
40,0,3,13,대치동,141
40,0,3,13,상암동,129
40,0,3,13,신사동,103
40,0,3,13,논현동,100
40,0,3,14,도곡동,397
40,0,3,14,대치동,155
40,0,3,14,상암동,114
40,0,3,14,신사동,98
40,0,3,14,정릉동,89
40,0,3,15,도곡동,423
40,0,3,15,대치동,135
40,0,3,15,망원동,86
40,0,3,15,신사동,86
40,0,3,15,상암동,85
40,0,3,16,도곡동,445
40,0,3,16,대치동,130
40,0,3,16,망원동,112
40,0,3,16,논현동,81
40,0,3,16,상암동,80
40,0,3,17,도곡동,376
40,0,3,17,대치동,116
40,0,3,17,논현동,89
40,0,3,17,신사동,82
40,0,3,17,행당동,79
40,0,3,18,도곡동,329
40,0,3,18,대치동,109
40,0,3,18,망원동,89
40,0,3,18,논현동,82
40,0,3,18,신사동,81
40,0,3,19,도곡동,270
40,0,3,19,대치동,96
40,0,3,19,논현동,68
40,0,3,19,신사동,66
40,0,3,19,망원동,60
40,0,3,20,도곡동,260
40,0,3,20,대치동,66
40,0,3,20,상암동,48
40,0,3,20,논현동,47
40,0,3,20,종암동,47
40,0,3,21,도곡동,212
40,0,3,21,대치동,64
40,0,3,21,논현동,55
40,0,3,21,상암동,42
40,0,3,21,신사동,39
40,0,3,22,대치동,68
40,0,3,22,논현동,37
40,0,3,22,도곡동,27
40,0,3,22,수서동,24
40,0,3,22,망원동,21
40,0,3,23,논현동,26
40,0,3,23,대치동,19
40,0,3,23,정릉동,17
40,0,3,23,신사동,13
40,0,3,23,상암동,12
40,0,4,0,대치동,26
40,0,4,0,논현동,10
40,0,4,0,정릉동,8
40,0,4,0,성산동,5
40,0,4,0,신사동,2
40,0,4,1,대치동,4
40,0,4,1,논현동,2
40,0,4,1,개포동,1
40,0,4,1,정릉동,1
40,0,4,2,논현동,1
40,0,4,5,논현동,1
40,0,4,6,수서동,4
40,0,4,6,역삼1동,3
40,0,4,6,논현동,1
40,0,4,6,대치동,1
40,0,4,6,성수동1가,1
40,0,4,7,대치동,20
40,0,4,7,개포동,15
40,0,4,7,도곡동,12
40,0,4,7,합정동,12
40,0,4,7,논현동,11
40,0,4,8,상암동,233
40,0,4,8,논현동,53
40,0,4,8,도곡동,51
40,0,4,8,공덕동,45
40,0,4,8,대치동,45
40,0,4,9,대치동,177
40,0,4,9,정릉동,125
40,0,4,9,도곡동,116
40,0,4,9,상암동,89
40,0,4,9,논현동,81
40,0,4,10,대치동,527
40,0,4,10,도곡동,341
40,0,4,10,논현동,129
40,0,4,10,상암동,128
40,0,4,10,신사동,126
40,0,4,11,도곡동,446
40,0,4,11,대치동,437
40,0,4,11,상암동,162
40,0,4,11,논현동,159
40,0,4,11,신사동,150
40,0,4,12,도곡동,567
40,0,4,12,대치동,325
40,0,4,12,신사동,236
40,0,4,12,논현동,226
40,0,4,12,정릉동,193
40,0,4,13,도곡동,674
40,0,4,13,대치동,376
40,0,4,13,상암동,238
40,0,4,13,신사동,203
40,0,4,13,논현동,180
40,0,4,14,도곡동,657
40,0,4,14,대치동,400
40,0,4,14,신사동,223
40,0,4,14,상암동,219
40,0,4,14,논현동,179
40,0,4,15,도곡동,722
40,0,4,15,대치동,367
40,0,4,15,논현동,185
40,0,4,15,상암동,178
40,0,4,15,신사동,174
40,0,4,16,도곡동,782
40,0,4,16,대치동,386
40,0,4,16,신사동,185
40,0,4,16,논현동,172
40,0,4,16,상암동,163
40,0,4,17,도곡동,709
40,0,4,17,대치동,334
40,0,4,17,신사동,193
40,0,4,17,논현동,169
40,0,4,17,망원동,169
40,0,4,18,도곡동,609
40,0,4,18,대치동,296
40,0,4,18,신사동,174
40,0,4,18,정릉동,171
40,0,4,18,망원동,160
40,0,4,19,도곡동,546
40,0,4,19,대치동,221
40,0,4,19,논현동,148
40,0,4,19,신사동,137
40,0,4,19,망원동,128
40,0,4,20,도곡동,434
40,0,4,20,대치동,202
40,0,4,20,논현동,130
40,0,4,20,신사동,107
40,0,4,20,망원동,104
40,0,4,21,도곡동,343
40,0,4,21,대치동,169
40,0,4,21,논현동,106
40,0,4,21,정릉동,82
40,0,4,21,종암동,75
40,0,4,22,대치동,157
40,0,4,22,논현동,73
40,0,4,22,도곡동,70
40,0,4,22,개포동,65
40,0,4,22,정릉동,64
40,0,4,23,대치동,44
40,0,4,23,논현동,36
40,0,4,23,성산동,25
40,0,4,23,정릉동,22
40,0,4,23,수서동,18
40,0,5,0,대치동,8
40,0,5,0,상암동,2
40,0,5,6,성수동1가,1
40,0,5,6,역삼1동,1
40,0,5,7,대치동,39
40,0,5,7,합정동,2
40,0,5,8,상암동,413
40,0,5,8,대치동,79
40,0,5,8,논현동,46
40,0,5,8,성수동2가,23
40,0,5,8,신사동,16
40,0,5,9,상암동,87
40,0,5,9,대치동,82
40,0,5,9,논현동,53
40,0,5,9,정릉동,28
40,0,5,9,신사동,14
40,0,5,10,대치동,513
40,0,5,10,상암동,347
40,0,5,10,도곡동,187
40,0,5,10,정릉동,97
40,0,5,10,논현동,28
40,0,5,11,상암동,364
40,0,5,11,대치동,343
40,0,5,11,도곡동,264
40,0,5,11,정릉동,131
40,0,5,11,신사동,35
40,0,5,12,도곡동,404
40,0,5,12,대치동,374
40,0,5,12,논현동,137
40,0,5,12,신사동,124
40,0,5,12,정릉동,123
40,0,5,13,대치동,404
40,0,5,13,도곡동,384
40,0,5,13,상암동,374
40,0,5,13,신사동,115
40,0,5,13,정릉동,114
40,0,5,14,도곡동,425
40,0,5,14,상암동,323
40,0,5,14,대치동,285
40,0,5,14,정릉동,123
40,0,5,14,논현동,50
40,0,5,15,도곡동,469
40,0,5,15,대치동,299
40,0,5,15,정릉동,138
40,0,5,15,신사동,71
40,0,5,15,개포동,41
40,0,5,16,도곡동,524
40,0,5,16,대치동,346
40,0,5,16,정릉동,151
40,0,5,16,신사동,70
40,0,5,16,개포동,64
40,0,5,17,대치동,525
40,0,5,17,도곡동,499
40,0,5,17,정릉동,140
40,0,5,17,수서동,75
40,0,5,17,성산동,74
40,0,5,18,도곡동,478
40,0,5,18,대치동,409
40,0,5,18,수서동,124
40,0,5,18,정릉동,122
40,0,5,18,성산동,73
40,0,5,19,도곡동,402
40,0,5,19,대치동,308
40,0,5,19,정릉동,116
40,0,5,19,수서동,106
40,0,5,19,논현동,58
40,0,5,20,도곡동,354
40,0,5,20,대치동,210
40,0,5,20,정릉동,101
40,0,5,20,수서동,46
40,0,5,20,논현동,43
40,0,5,21,도곡동,310
40,0,5,21,대치동,136
40,0,5,21,정릉동,71
40,0,5,21,수서동,35
40,0,5,21,개포동,31
40,0,5,22,대치동,71
40,0,5,22,정릉동,44
40,0,5,22,수서동,26
40,0,5,22,도곡동,18
40,0,5,22,논현동,14
40,0,5,23,대치동,27
40,0,5,23,논현동,7
40,0,5,23,수서동,3
40,0,5,23,성산동,2
40,0,5,23,정릉동,2
40,1,1,0,논현동,49
40,1,1,0,신사동,37
40,1,1,0,대치동,27
40,1,1,0,성수동2가,27
40,1,1,0,망원동,24
40,1,1,1,논현동,42
40,1,1,1,신사동,28
40,1,1,1,석관동,21
40,1,1,1,성산동,21
40,1,1,1,동교동,20
40,1,1,2,논현동,26
40,1,1,2,성산동,13
40,1,1,2,대치동,12
40,1,1,2,정릉동,12
40,1,1,2,망원동,11
40,1,1,3,논현동,19
40,1,1,3,대치동,12
40,1,1,3,정릉동,11
40,1,1,3,성수동2가,9
40,1,1,3,신사동,9
40,1,1,4,논현동,22
40,1,1,4,대치동,17
40,1,1,4,정릉동,16
40,1,1,4,성수동2가,12
40,1,1,4,성산동,10
40,1,1,5,논현동,25
40,1,1,5,성수동2가,21
40,1,1,5,장위동,20
40,1,1,5,석관동,18
40,1,1,5,종암동,17
40,1,1,6,장위동,26
40,1,1,6,수서동,25
40,1,1,6,성산동,22
40,1,1,6,청담동,22
40,1,1,6,하월곡동,22
40,1,1,7,대치동,58
40,1,1,7,도곡동,49
40,1,1,7,일원동,42
40,1,1,7,논현동,41
40,1,1,7,공덕동,36
40,1,1,8,상암동,215
40,1,1,8,대치동,131
40,1,1,8,논현동,89
40,1,1,8,도곡동,88
40,1,1,8,일원동,74
40,1,1,9,대치동,281
40,1,1,9,논현동,185
40,1,1,9,도곡동,167
40,1,1,9,상암동,160
40,1,1,9,성수동2가,115
40,1,1,10,도곡동,570
40,1,1,10,대치동,462
40,1,1,10,상암동,212
40,1,1,10,논현동,208
40,1,1,10,망원동,115
40,1,1,11,도곡동,751
40,1,1,11,대치동,393
40,1,1,11,상암동,253
40,1,1,11,논현동,249
40,1,1,11,신사동,156
40,1,1,12,도곡동,823
40,1,1,12,대치동,452
40,1,1,12,논현동,415
40,1,1,12,상암동,312
40,1,1,12,신사동,233
40,1,1,13,도곡동,847
40,1,1,13,대치동,466
40,1,1,13,논현동,303
40,1,1,13,상암동,251
40,1,1,13,신사동,218
40,1,1,14,도곡동,917
40,1,1,14,대치동,435
40,1,1,14,논현동,277
40,1,1,14,상암동,240
40,1,1,14,신사동,174
40,1,1,15,도곡동,864
40,1,1,15,대치동,346
40,1,1,15,논현동,261
40,1,1,15,상암동,200
40,1,1,15,망원동,167
40,1,1,16,도곡동,920
40,1,1,16,대치동,324
40,1,1,16,논현동,254
40,1,1,16,상암동,182
40,1,1,16,신사동,176
40,1,1,17,도곡동,864
40,1,1,17,대치동,349
40,1,1,17,논현동,239
40,1,1,17,신사동,198
40,1,1,17,상암동,196
40,1,1,18,도곡동,760
40,1,1,18,대치동,286
40,1,1,18,논현동,228
40,1,1,18,수서동,221
40,1,1,18,신사동,190
40,1,1,19,도곡동,737
40,1,1,19,논현동,234
40,1,1,19,대치동,227
40,1,1,19,수서동,173
40,1,1,19,신사동,163
40,1,1,20,도곡동,648
40,1,1,20,대치동,199
40,1,1,20,논현동,194
40,1,1,20,신사동,130
40,1,1,20,도화동,117
40,1,1,21,도곡동,540
40,1,1,21,대치동,160
40,1,1,21,논현동,146
40,1,1,21,수서동,101
40,1,1,21,신사동,101
40,1,1,22,대치동,134
40,1,1,22,논현동,113
40,1,1,22,정릉동,75
40,1,1,22,신사동,65
40,1,1,22,성수동2가,63
40,1,1,23,논현동,73
40,1,1,23,대치동,69
40,1,1,23,정릉동,54
40,1,1,23,성수동2가,48
40,1,1,23,신사동,41
40,1,2,0,논현동,27
40,1,2,0,대치동,20
40,1,2,0,신사동,18
40,1,2,0,성수동2가,15
40,1,2,0,개포동,14
40,1,2,1,논현동,24
40,1,2,1,대치동,19
40,1,2,1,정릉동,14
40,1,2,1,신사동,12
40,1,2,1,종암동,8
40,1,2,2,대치동,12
40,1,2,2,논현동,8
40,1,2,2,신사동,6
40,1,2,2,성수동1가,5
40,1,2,2,정릉동,5
40,1,2,3,논현동,18
40,1,2,3,대치동,8
40,1,2,3,정릉동,7
40,1,2,3,돈암동,3
40,1,2,3,동교동,3
40,1,2,4,정릉동,15
40,1,2,4,논현동,10
40,1,2,4,대치동,10
40,1,2,4,신사동,5
40,1,2,4,성수동2가,4
40,1,2,5,정릉동,17
40,1,2,5,논현동,15
40,1,2,5,대치동,10
40,1,2,5,성산동,10
40,1,2,5,망원동,9
40,1,2,6,정릉동,27
40,1,2,6,성수동1가,19
40,1,2,6,장위동,19
40,1,2,6,논현동,18
40,1,2,6,신사동,17
40,1,2,7,대치동,26
40,1,2,7,논현동,25
40,1,2,7,공덕동,22
40,1,2,7,수서동,21
40,1,2,7,일원동,19
40,1,2,8,상암동,129
40,1,2,8,대치동,67
40,1,2,8,논현동,47
40,1,2,8,도곡동,47
40,1,2,8,정릉동,45
40,1,2,9,대치동,146
40,1,2,9,도곡동,102
40,1,2,9,정릉동,97
40,1,2,9,논현동,87
40,1,2,9,상암동,83
40,1,2,10,도곡동,320
40,1,2,10,대치동,287
40,1,2,10,상암동,122
40,1,2,10,논현동,114
40,1,2,10,성수동2가,82
40,1,2,11,도곡동,398
40,1,2,11,대치동,268
40,1,2,11,상암동,169
40,1,2,11,논현동,140
40,1,2,11,신사동,105
40,1,2,12,도곡동,507
40,1,2,12,대치동,252
40,1,2,12,논현동,215
40,1,2,12,상암동,148
40,1,2,12,신사동,131
40,1,2,13,도곡동,477
40,1,2,13,대치동,232
40,1,2,13,상암동,158
40,1,2,13,논현동,144
40,1,2,13,신사동,124
40,1,2,14,도곡동,503
40,1,2,14,대치동,239
40,1,2,14,논현동,156
40,1,2,14,상암동,134
40,1,2,14,신사동,131
40,1,2,15,도곡동,577
40,1,2,15,대치동,218
40,1,2,15,논현동,157
40,1,2,15,상암동,102
40,1,2,15,신사동,102
40,1,2,16,도곡동,523
40,1,2,16,대치동,218
40,1,2,16,논현동,167
40,1,2,16,상암동,111
40,1,2,16,망원동,99
40,1,2,17,도곡동,522
40,1,2,17,대치동,200
40,1,2,17,논현동,132
40,1,2,17,신사동,126
40,1,2,17,정릉동,112
40,1,2,18,도곡동,499
40,1,2,18,대치동,170
40,1,2,18,논현동,144
40,1,2,18,신사동,114
40,1,2,18,상암동,110
40,1,2,19,도곡동,372
40,1,2,19,대치동,145
40,1,2,19,논현동,125
40,1,2,19,신사동,101
40,1,2,19,수서동,88
40,1,2,20,도곡동,404
40,1,2,20,대치동,121
40,1,2,20,논현동,114
40,1,2,20,신사동,89
40,1,2,20,상암동,69
40,1,2,21,도곡동,322
40,1,2,21,대치동,102
40,1,2,21,논현동,82
40,1,2,21,신사동,55
40,1,2,21,장위동,52
40,1,2,22,대치동,112
40,1,2,22,논현동,61
40,1,2,22,신사동,45
40,1,2,22,도곡동,40
40,1,2,22,망원동,39
40,1,2,23,논현동,40
40,1,2,23,대치동,31
40,1,2,23,동교동,29
40,1,2,23,석관동,26
40,1,2,23,정릉동,26
40,1,3,0,논현동,16
40,1,3,0,청담동,10
40,1,3,0,대치동,9
40,1,3,0,망원동,9
40,1,3,0,상암동,9
40,1,3,1,신사동,13
40,1,3,1,대치동,12
40,1,3,1,정릉동,9
40,1,3,1,종암동,6
40,1,3,1,개포동,5
40,1,3,2,논현동,10
40,1,3,2,신사동,6
40,1,3,2,대치동,4
40,1,3,2,성산동,3
40,1,3,2,망원동,2
40,1,3,3,논현동,7
40,1,3,3,대치동,4
40,1,3,3,성산동,4
40,1,3,3,정릉동,3
40,1,3,3,공덕동,1
40,1,3,4,논현동,5
40,1,3,4,정릉동,4
40,1,3,4,대치동,2
40,1,3,4,성산동,1
40,1,3,4,성수동2가,1
40,1,3,5,정릉동,10
40,1,3,5,논현동,8
40,1,3,5,성산동,8
40,1,3,5,대치동,7
40,1,3,5,성수동2가,7
40,1,3,6,논현동,15
40,1,3,6,대치동,15
40,1,3,6,성수동1가,11
40,1,3,6,성수동2가,11
40,1,3,6,정릉동,11
40,1,3,7,대치동,21
40,1,3,7,돈암동,14
40,1,3,7,망원동,14
40,1,3,7,정릉동,14
40,1,3,7,종암동,14
40,1,3,8,상암동,90
40,1,3,8,대치동,32
40,1,3,8,도곡동,25
40,1,3,8,일원동,24
40,1,3,8,공덕동,22
40,1,3,9,대치동,82
40,1,3,9,도곡동,55
40,1,3,9,정릉동,53
40,1,3,9,논현동,47
40,1,3,9,신사동,45
40,1,3,10,대치동,198
40,1,3,10,도곡동,177
40,1,3,10,논현동,69
40,1,3,10,상암동,64
40,1,3,10,신사동,60
40,1,3,11,도곡동,252
40,1,3,11,대치동,174
40,1,3,11,상암동,106
40,1,3,11,정릉동,82
40,1,3,11,논현동,74
40,1,3,12,도곡동,264
40,1,3,12,대치동,150
40,1,3,12,논현동,132
40,1,3,12,상암동,117
40,1,3,12,신사동,96
40,1,3,13,도곡동,295
40,1,3,13,대치동,108
40,1,3,13,상암동,106
40,1,3,13,논현동,105
40,1,3,13,신사동,65
40,1,3,14,도곡동,358
40,1,3,14,대치동,152
40,1,3,14,상암동,101
40,1,3,14,논현동,97
40,1,3,14,신사동,83
40,1,3,15,도곡동,332
40,1,3,15,대치동,153
40,1,3,15,논현동,79
40,1,3,15,신사동,70
40,1,3,15,상암동,69
40,1,3,16,도곡동,341
40,1,3,16,대치동,141
40,1,3,16,논현동,88
40,1,3,16,정릉동,66
40,1,3,16,상암동,64
40,1,3,17,도곡동,333
40,1,3,17,대치동,147
40,1,3,17,논현동,83
40,1,3,17,망원동,73
40,1,3,17,신사동,70
40,1,3,18,도곡동,267
40,1,3,18,대치동,115
40,1,3,18,논현동,70
40,1,3,18,신사동,63
40,1,3,18,수서동,61
40,1,3,19,도곡동,273
40,1,3,19,대치동,93
40,1,3,19,논현동,83
40,1,3,19,수서동,62
40,1,3,19,장위동,55
40,1,3,20,도곡동,268
40,1,3,20,대치동,85
40,1,3,20,신사동,63
40,1,3,20,논현동,60
40,1,3,20,일원동,49
40,1,3,21,도곡동,197
40,1,3,21,대치동,77
40,1,3,21,신사동,50
40,1,3,21,논현동,41
40,1,3,21,석관동,39
40,1,3,22,대치동,69
40,1,3,22,논현동,40
40,1,3,22,정릉동,33
40,1,3,22,도곡동,27
40,1,3,22,망원동,27
40,1,3,23,논현동,38
40,1,3,23,대치동,25
40,1,3,23,신사동,21
40,1,3,23,성수동2가,18
40,1,3,23,망원동,16
40,1,4,0,논현동,32
40,1,4,0,대치동,31
40,1,4,0,정릉동,28
40,1,4,0,성산동,23
40,1,4,0,성수동2가,15
40,1,4,1,논현동,25
40,1,4,1,대치동,24
40,1,4,1,정릉동,17
40,1,4,1,망원동,7
40,1,4,1,성산동,6
40,1,4,2,논현동,14
40,1,4,2,대치동,11
40,1,4,2,정릉동,4
40,1,4,2,신사동,3
40,1,4,2,성산동,2
40,1,4,3,논현동,3
40,1,4,3,대치동,3
40,1,4,3,성산동,3
40,1,4,3,동교동,1
40,1,4,3,용답동,1
40,1,4,4,논현동,4
40,1,4,4,대치동,3
40,1,4,4,정릉동,3
40,1,4,5,정릉동,18
40,1,4,5,성수동2가,10
40,1,4,5,논현동,6
40,1,4,5,성산동,5
40,1,4,5,대치동,4
40,1,4,6,논현동,39
40,1,4,6,성수동2가,38
40,1,4,6,대치동,31
40,1,4,6,정릉동,30
40,1,4,6,성산동,18
40,1,4,7,정릉동,45
40,1,4,7,상암동,32
40,1,4,7,신사동,32
40,1,4,7,청담동,29
40,1,4,7,논현동,27
40,1,4,8,상암동,250
40,1,4,8,논현동,59
40,1,4,8,일원동,53
40,1,4,8,도곡동,44
40,1,4,8,신사동,44
40,1,4,9,대치동,175
40,1,4,9,정릉동,148
40,1,4,9,도곡동,113
40,1,4,9,상암동,112
40,1,4,9,논현동,78
40,1,4,10,대치동,573
40,1,4,10,도곡동,326
40,1,4,10,정릉동,167
40,1,4,10,상암동,165
40,1,4,10,논현동,121
40,1,4,11,대치동,474
40,1,4,11,도곡동,416
40,1,4,11,상암동,235
40,1,4,11,논현동,162
40,1,4,11,정릉동,142
40,1,4,12,도곡동,528
40,1,4,12,대치동,363
40,1,4,12,논현동,215
40,1,4,12,정릉동,194
40,1,4,12,상암동,189
40,1,4,13,도곡동,557
40,1,4,13,대치동,361
40,1,4,13,상암동,215
40,1,4,13,신사동,184
40,1,4,13,논현동,165
40,1,4,14,도곡동,513
40,1,4,14,대치동,380
40,1,4,14,상암동,217
40,1,4,14,논현동,181
40,1,4,14,신사동,163
40,1,4,15,도곡동,557
40,1,4,15,대치동,380
40,1,4,15,논현동,159
40,1,4,15,상암동,132
40,1,4,15,정릉동,127
40,1,4,16,도곡동,609
40,1,4,16,대치동,437
40,1,4,16,논현동,150
40,1,4,16,상암동,148
40,1,4,16,정릉동,125
40,1,4,17,도곡동,536
40,1,4,17,대치동,400
40,1,4,17,정릉동,152
40,1,4,17,망원동,151
40,1,4,17,상암동,146
40,1,4,18,도곡동,572
40,1,4,18,대치동,306
40,1,4,18,논현동,174
40,1,4,18,정릉동,140
40,1,4,18,신사동,136
40,1,4,19,도곡동,550
40,1,4,19,대치동,248
40,1,4,19,논현동,157
40,1,4,19,성수동2가,133
40,1,4,19,망원동,127
40,1,4,20,도곡동,524
40,1,4,20,대치동,189
40,1,4,20,논현동,135
40,1,4,20,종암동,115
40,1,4,20,성수동2가,109
40,1,4,21,도곡동,350
40,1,4,21,대치동,182
40,1,4,21,논현동,100
40,1,4,21,정릉동,98
40,1,4,21,개포동,87
40,1,4,22,대치동,98
40,1,4,22,논현동,93
40,1,4,22,도곡동,72
40,1,4,22,정릉동,70
40,1,4,22,개포동,52
40,1,4,23,논현동,49
40,1,4,23,대치동,36
40,1,4,23,정릉동,34
40,1,4,23,망원동,32
40,1,4,23,성수동2가,29
40,1,5,0,대치동,21
40,1,5,0,논현동,15
40,1,5,0,망원동,6
40,1,5,0,성산동,6
40,1,5,0,정릉동,6
40,1,5,1,논현동,4
40,1,5,2,논현동,1
40,1,5,6,성수동2가,5
40,1,5,6,대치동,4
40,1,5,6,역삼1동,3
40,1,5,6,논현동,1
40,1,5,6,성산동,1
40,1,5,7,대치동,49
40,1,5,7,성수동2가,40
40,1,5,7,논현동,34
40,1,5,7,성수동1가,25
40,1,5,7,도곡동,15
40,1,5,8,상암동,438
40,1,5,8,대치동,83
40,1,5,8,성수동2가,64
40,1,5,8,논현동,51
40,1,5,8,성수동1가,34
40,1,5,9,상암동,112
40,1,5,9,대치동,81
40,1,5,9,논현동,69
40,1,5,9,성수동2가,37
40,1,5,9,일원동,27
40,1,5,10,대치동,590
40,1,5,10,상암동,392
40,1,5,10,도곡동,198
40,1,5,10,정릉동,72
40,1,5,10,논현동,52
40,1,5,11,상암동,448
40,1,5,11,대치동,432
40,1,5,11,도곡동,265
40,1,5,11,정릉동,89
40,1,5,11,논현동,76
40,1,5,12,도곡동,373
40,1,5,12,대치동,326
40,1,5,12,논현동,211
40,1,5,12,신사동,150
40,1,5,12,성수동2가,144
40,1,5,13,상암동,443
40,1,5,13,대치동,358
40,1,5,13,도곡동,331
40,1,5,13,논현동,164
40,1,5,13,신사동,129
40,1,5,14,상암동,367
40,1,5,14,도곡동,339
40,1,5,14,대치동,230
40,1,5,14,정릉동,94
40,1,5,14,논현동,76
40,1,5,15,도곡동,368
40,1,5,15,대치동,224
40,1,5,15,정릉동,118
40,1,5,15,논현동,61
40,1,5,15,상암동,49
40,1,5,16,도곡동,390
40,1,5,16,대치동,207
40,1,5,16,정릉동,131
40,1,5,16,상암동,55
40,1,5,16,논현동,53
40,1,5,17,도곡동,378
40,1,5,17,대치동,342
40,1,5,17,정릉동,123
40,1,5,17,논현동,50
40,1,5,17,개포동,47
40,1,5,18,도곡동,384
40,1,5,18,대치동,306
40,1,5,18,정릉동,157
40,1,5,18,수서동,80
40,1,5,18,논현동,77
40,1,5,19,도곡동,354
40,1,5,19,대치동,241
40,1,5,19,정릉동,160
40,1,5,19,논현동,103
40,1,5,19,망원동,95
40,1,5,20,도곡동,321
40,1,5,20,대치동,191
40,1,5,20,정릉동,146
40,1,5,20,논현동,91
40,1,5,20,망원동,77
40,1,5,21,도곡동,266
40,1,5,21,대치동,136
40,1,5,21,정릉동,94
40,1,5,21,논현동,72
40,1,5,21,성산동,36
40,1,5,22,대치동,73
40,1,5,22,정릉동,61
40,1,5,22,논현동,40
40,1,5,22,성산동,24
40,1,5,22,신사동,24
40,1,5,23,대치동,49
40,1,5,23,논현동,30
40,1,5,23,정릉동,20
40,1,5,23,성산동,12
40,1,5,23,신사동,11
